issue,date,n1,n2,n3,n4,n5,n6,n7
04101,2004-05-21,8,5,5,8,5,1,1
04102,2004-05-23,4,1,7,6,9,3,6
04103,2004-05-25,8,7,0,5,4,2,6
04104,2004-05-28,1,2,1,9,9,4,6
04105,2004-05-30,2,7,1,9,2,4,4
04106,2004-06-01,0,7,2,1,0,1,1
04107,2004-06-04,4,7,4,3,2,6,9
04108,2004-06-06,0,7,2,4,6,8,2
04109,2004-06-08,4,3,9,1,3,3,0
04110,2004-06-11,3,9,9,5,7,1,3
04111,2004-06-13,3,8,7,6,4,5,6
04112,2004-06-15,7,1,1,4,5,3,2
04113,2004-06-18,3,2,5,7,4,6,5
04114,2004-06-20,1,1,2,5,4,3,6
04115,2004-06-22,0,7,4,0,2,6,0
04116,2004-06-25,3,0,3,9,8,1,6
04117,2004-06-27,9,5,9,1,5,4,4
04118,2004-06-29,3,8,9,2,9,9,4
04119,2004-07-02,2,6,3,8,7,1,9
04120,2004-07-04,8,8,9,4,3,4,1
04121,2004-07-06,2,6,7,8,0,5,9
04122,2004-07-09,7,5,4,6,9,6,7
04123,2004-07-11,7,3,6,2,9,5,5
04124,2004-07-13,6,9,6,9,5,0,8
04125,2004-07-16,7,6,8,7,4,7,6
04126,2004-07-18,1,2,5,3,3,1,6
04127,2004-07-20,7,6,1,4,0,7,7
04128,2004-07-23,2,1,4,2,5,8,4
04129,2004-07-25,7,8,2,2,7,0,2
04130,2004-07-27,7,6,9,2,8,0,1
04131,2004-07-30,8,1,1,1,5,1,6
04132,2004-08-01,2,3,0,5,5,0,0
04133,2004-08-03,1,3,4,0,4,8,2
04134,2004-08-06,7,8,0,0,1,5,3
04135,2004-08-08,5,2,4,9,4,4,9
04136,2004-08-10,4,3,6,0,0,9,2
04137,2004-08-13,0,8,3,4,9,6,9
04138,2004-08-15,8,0,2,7,6,6,2
04139,2004-08-17,6,5,7,7,0,6,2
04140,2004-08-20,4,8,2,1,2,6,3
04141,2004-08-22,4,2,1,0,5,8,6
04142,2004-08-24,3,3,2,0,5,0,1
04143,2004-08-27,3,3,1,6,3,3,4
04144,2004-08-29,3,9,1,5,8,7,9
04145,2004-09-01,0,7,8,4,1,2,1
04146,2004-09-03,4,9,6,6,5,2,3
04147,2004-09-05,6,0,0,9,6,5,5
04148,2004-09-07,2,2,9,8,6,0,7
04149,2004-09-10,6,3,1,2,5,6,2
04150,2004-09-12,3,9,6,6,1,1,8
04151,2004-09-14,3,5,1,7,6,4,9
04152,2004-09-17,3,7,0,8,4,6,8
04153,2004-09-19,4,5,3,4,9,2,5
04154,2004-09-21,9,4,0,7,3,2,5
04155,2004-09-24,5,6,2,2,4,6,7
04156,2004-09-26,9,8,0,9,9,3,1
04157,2004-09-28,2,8,2,4,0,5,5
04158,2004-10-01,2,5,1,4,9,4,8
04159,2004-10-03,9,2,3,4,3,9,5
04160,2004-10-05,7,0,4,3,5,4,3
04161,2004-10-08,8,8,5,0,1,3,4
04162,2004-10-10,0,7,7,5,9,1,6
04163,2004-10-12,0,0,8,8,3,5,5
04164,2004-10-15,7,3,5,9,1,4,7
04165,2004-10-17,6,3,6,1,8,4,9
04166,2004-10-19,0,5,6,3,6,9,1
04167,2004-10-22,4,0,6,5,0,7,1
04168,2004-10-24,9,9,1,2,9,5,3
04169,2004-10-26,5,3,3,4,6,3,0
04170,2004-10-29,0,9,6,8,5,6,5
04171,2004-10-31,8,6,2,2,1,0,5
04172,2004-11-02,0,0,8,6,1,3,7
04173,2004-11-05,4,7,3,0,4,3,7
04174,2004-11-07,0,7,1,1,3,2,0
04175,2004-11-09,4,1,5,2,4,0,3
04176,2004-11-12,1,5,0,6,8,0,0
04177,2004-11-14,1,9,2,8,8,2,7
04178,2004-11-16,3,1,7,3,8,7,5
04179,2004-11-19,7,1,8,3,2,8,0
04180,2004-11-21,4,4,3,2,4,8,7
04181,2004-11-23,5,2,6,2,2,5,4
04182,2004-11-26,4,4,1,8,0,9,0
04183,2004-11-28,4,3,6,4,1,6,6
04184,2004-11-30,0,0,3,2,3,2,2
04185,2004-12-03,4,4,4,5,1,7,7
04186,2004-12-05,6,1,2,9,9,8,7
04187,2004-12-07,8,1,0,9,3,1,8
04188,2004-12-10,9,1,4,8,3,8,3
04189,2004-12-12,4,8,1,6,8,2,7
04190,2004-12-14,7,5,4,5,8,1,9
04191,2004-12-17,2,9,4,7,6,9,9
04192,2004-12-19,3,1,7,0,8,2,4
04193,2004-12-21,8,1,3,9,5,8,6
04194,2004-12-24,0,0,4,1,5,4,2
04195,2004-12-26,8,1,3,0,7,4,1
04196,2004-12-28,2,4,8,4,4,6,5
04197,2004-12-31,2,0,3,4,3,3,0
05001,2005-01-02,1,1,4,5,5,4,4
05002,2005-01-04,8,2,4,7,6,2,1
05003,2005-01-07,8,5,2,8,2,3,2
05004,2005-01-09,8,7,3,7,7,8,9
05005,2005-01-11,4,3,3,5,6,7,9
05006,2005-01-14,7,0,0,3,1,2,8
05007,2005-01-16,1,9,9,0,1,3,3
05008,2005-01-18,9,5,8,2,0,6,9
05009,2005-01-21,4,8,2,2,6,6,1
05010,2005-01-23,6,1,9,7,1,1,0
05011,2005-01-25,7,3,7,2,7,4,9
05012,2005-01-28,2,4,3,1,9,4,6
05013,2005-01-30,8,8,7,1,9,8,2
05014,2005-02-01,6,1,4,5,0,2,3
05015,2005-02-04,1,0,0,8,8,3,2
05016,2005-02-06,5,0,0,7,3,3,2
05017,2005-02-08,6,0,2,1,3,6,1
05018,2005-02-18,8,1,3,3,8,7,9
05019,2005-02-20,6,9,9,0,1,5,1
05020,2005-02-22,8,0,8,3,0,9,3
05021,2005-02-25,9,8,8,7,8,6,0
05022,2005-02-27,0,7,1,4,3,2,6
05023,2005-03-01,4,9,7,7,8,8,8
05024,2005-03-04,6,2,0,5,1,2,9
05025,2005-03-06,3,3,1,9,4,7,6
05026,2005-03-08,6,9,7,1,5,2,8
05027,2005-03-11,3,5,6,7,5,2,4
05028,2005-03-13,5,9,9,4,5,6,5
05029,2005-03-15,2,7,6,0,2,7,1
05030,2005-03-18,6,1,7,5,8,4,1
05031,2005-03-20,0,6,0,3,2,2,1
05032,2005-03-22,0,9,9,2,3,3,7
05033,2005-03-25,7,4,1,8,9,4,7
05034,2005-03-27,1,2,9,2,8,4,0
05035,2005-03-29,3,1,6,1,5,5,8
05036,2005-04-01,6,3,0,0,8,8,6
05037,2005-04-03,4,3,0,9,0,7,1
05038,2005-04-05,1,7,2,1,7,4,7
05039,2005-04-08,7,0,9,7,1,3,0
05040,2005-04-10,6,6,1,9,5,4,6
05041,2005-04-12,1,0,5,6,3,5,3
05042,2005-04-15,6,5,0,7,0,3,6
05043,2005-04-17,3,3,4,1,2,1,8
05044,2005-04-19,6,5,8,0,4,4,4
05045,2005-04-22,6,2,4,2,8,5,5
05046,2005-04-24,9,2,3,1,2,3,3
05047,2005-04-26,0,1,4,3,3,2,8
05048,2005-04-29,3,0,7,9,0,3,0
05049,2005-05-01,6,8,1,4,3,4,1
05050,2005-05-03,8,7,2,2,5,2,9
05051,2005-05-06,1,9,5,6,4,4,1
05052,2005-05-08,8,2,0,0,2,4,3
05053,2005-05-10,2,1,2,4,7,7,4
05054,2005-05-13,7,8,8,1,8,4,1
05055,2005-05-15,5,0,5,4,4,4,9
05056,2005-05-17,8,8,4,9,9,6,3
05057,2005-05-20,7,6,4,9,1,4,7
05058,2005-05-22,1,7,6,5,2,8,6
05059,2005-05-24,0,1,7,6,8,6,9
05060,2005-05-27,0,1,9,3,2,9,0
05061,2005-05-29,6,5,6,6,4,7,0
05062,2005-05-31,4,3,3,6,7,1,7
05063,2005-06-03,9,7,1,3,4,7,3
05064,2005-06-05,8,3,6,4,5,3,0
05065,2005-06-07,9,9,3,1,0,6,9
05066,2005-06-10,5,1,9,2,0,1,5
05067,2005-06-12,8,6,1,0,2,8,7
05068,2005-06-14,4,8,5,4,9,8,6
05069,2005-06-17,3,9,0,5,0,2,7
05070,2005-06-19,6,6,4,3,9,2,3
05071,2005-06-21,9,6,7,4,9,6,1
05072,2005-06-24,8,6,0,6,1,3,6
05073,2005-06-26,7,1,6,9,3,3,3
05074,2005-06-28,8,8,0,3,2,2,7
05075,2005-07-01,2,4,1,6,5,0,6
05076,2005-07-03,1,6,5,5,8,7,3
05077,2005-07-05,9,7,1,7,9,2,7
05078,2005-07-08,7,2,9,1,6,8,0
05079,2005-07-10,3,7,1,8,2,7,3
05080,2005-07-12,2,2,9,7,2,8,0
05081,2005-07-15,4,1,9,7,5,1,9
05082,2005-07-17,5,1,9,7,9,7,0
05083,2005-07-19,4,6,8,4,9,5,2
05084,2005-07-22,8,3,6,9,7,9,0
05085,2005-07-24,6,1,3,4,6,6,5
05086,2005-07-26,1,7,8,6,5,4,4
05087,2005-07-29,0,7,9,4,5,1,2
05088,2005-07-31,3,3,3,8,7,6,2
05089,2005-08-02,3,2,6,9,9,5,8
05090,2005-08-05,2,3,0,2,8,5,9
05091,2005-08-07,5,2,4,5,6,6,2
05092,2005-08-09,1,8,4,9,5,4,4
05093,2005-08-12,1,3,9,9,0,5,9
05094,2005-08-14,1,4,6,6,2,7,0
05095,2005-08-16,7,9,3,5,3,4,7
05096,2005-08-19,0,3,4,7,9,0,0
05097,2005-08-21,5,5,6,1,5,0,0
05098,2005-08-23,2,9,3,4,5,4,7
05099,2005-08-26,3,5,5,2,5,1,6
05100,2005-08-28,9,0,4,4,2,5,1
05101,2005-08-30,1,8,3,8,7,0,2
05102,2005-09-02,5,8,5,2,8,7,4
05103,2005-09-04,6,7,2,4,3,2,8
05104,2005-09-06,8,3,2,0,7,6,7
05105,2005-09-09,7,8,8,0,5,4,0
05106,2005-09-11,6,2,7,1,4,8,2
05107,2005-09-13,2,9,5,9,2,6,2
05108,2005-09-16,5,3,9,9,1,2,9
05109,2005-09-18,3,1,3,9,4,0,6
05110,2005-09-20,5,1,3,1,4,8,5
05111,2005-09-23,9,6,6,1,3,5,9
05112,2005-09-25,3,4,2,6,3,3,6
05113,2005-09-27,5,2,5,2,0,3,9
05114,2005-09-30,8,5,2,2,7,6,0
05115,2005-10-02,8,6,0,9,4,7,0
05116,2005-10-04,1,4,4,5,9,4,8
05117,2005-10-07,7,7,9,9,0,7,6
05118,2005-10-09,9,3,1,7,2,3,2
05119,2005-10-11,7,5,1,7,9,5,2
05120,2005-10-14,7,4,9,3,9,9,0
05121,2005-10-16,7,2,4,3,5,8,2
05122,2005-10-18,2,9,4,8,3,9,4
05123,2005-10-21,5,5,6,6,0,8,9
05124,2005-10-23,5,7,1,1,9,0,9
05125,2005-10-25,0,8,2,2,5,0,3
05126,2005-10-28,4,0,4,1,3,6,5
05127,2005-10-30,8,6,3,6,3,7,2
05128,2005-11-01,7,0,9,2,4,9,6
05129,2005-11-04,8,8,8,7,0,2,1
05130,2005-11-06,5,8,5,0,2,5,2
05131,2005-11-08,2,1,4,1,3,8,9
05132,2005-11-11,1,1,6,1,7,2,5
05133,2005-11-13,3,0,1,3,9,5,7
05134,2005-11-15,5,0,5,7,1,7,1
05135,2005-11-18,8,1,4,9,8,1,8
05136,2005-11-20,2,9,2,5,8,1,7
05137,2005-11-22,9,0,2,6,8,7,1
05138,2005-11-25,5,2,2,8,7,2,2
05139,2005-11-27,9,2,1,4,1,9,5
05140,2005-11-29,0,4,9,8,5,5,2
05141,2005-12-02,0,1,7,8,7,8,7
05142,2005-12-04,0,1,8,7,0,2,7
05143,2005-12-06,9,7,0,7,7,1,7
05144,2005-12-09,8,9,9,6,4,3,8
05145,2005-12-11,5,0,6,3,9,6,8
05146,2005-12-13,8,7,9,9,7,9,6
05147,2005-12-16,9,1,1,1,6,9,6
05148,2005-12-18,3,0,8,1,5,3,1
05149,2005-12-20,4,8,7,7,5,2,8
05150,2005-12-23,9,6,8,1,3,6,2
05151,2005-12-25,7,5,8,5,1,0,8
05152,2005-12-27,0,9,4,9,8,8,3
05153,2005-12-30,1,9,2,7,9,4,6
06001,2006-01-01,6,6,5,9,0,5,2
06002,2006-01-03,6,7,2,5,8,1,4
06003,2006-01-06,4,5,3,5,7,6,2
06004,2006-01-08,8,1,5,8,1,1,8
06005,2006-01-10,5,6,3,5,7,5,8
06006,2006-01-13,2,5,7,8,2,2,7
06007,2006-01-15,7,2,1,9,8,6,6
06008,2006-01-17,0,7,6,2,3,9,1
06009,2006-01-20,2,8,1,0,2,4,0
06010,2006-01-22,1,3,6,0,5,0,2
06011,2006-01-24,2,1,9,4,0,0,2
06012,2006-01-27,2,4,9,3,7,6,0
06013,2006-02-05,2,3,0,6,6,0,0
06014,2006-02-07,7,0,4,7,6,8,3
06015,2006-02-10,2,1,8,2,5,8,6
06016,2006-02-12,9,8,8,2,0,5,7
06017,2006-02-14,3,8,7,8,9,6,9
06018,2006-02-17,4,6,9,3,3,5,4
06019,2006-02-19,0,0,6,7,9,9,2
06020,2006-02-21,3,0,2,4,1,2,9
06021,2006-02-24,3,5,0,0,7,1,4
06022,2006-02-26,2,5,2,3,6,0,7
06023,2006-02-28,9,9,0,6,8,7,6
06024,2006-03-03,9,0,6,2,2,9,0
06025,2006-03-05,0,3,3,1,9,7,4
06026,2006-03-07,8,1,5,7,6,6,0
06027,2006-03-10,2,1,8,8,2,7,7
06028,2006-03-12,0,4,4,8,5,3,1
06029,2006-03-14,0,6,6,7,2,8,9
06030,2006-03-17,8,8,0,5,8,1,4
06031,2006-03-19,6,7,0,5,3,3,0
06032,2006-03-21,7,3,2,6,8,8,1
06033,2006-03-24,5,8,2,8,6,4,6
06034,2006-03-26,0,1,3,3,2,7,5
06035,2006-03-28,1,5,0,1,3,9,3
06036,2006-03-31,7,4,4,5,1,7,5
06037,2006-04-02,1,6,7,6,2,4,3
06038,2006-04-04,1,3,6,6,8,7,0
06039,2006-04-07,1,6,1,8,9,2,3
06040,2006-04-09,5,6,1,8,0,7,3
06041,2006-04-11,6,3,9,7,9,5,4
06042,2006-04-14,9,1,8,4,8,7,0
06043,2006-04-16,8,1,2,3,9,5,2
06044,2006-04-18,2,7,3,9,0,3,3
06045,2006-04-21,8,5,1,0,1,6,5
06046,2006-04-23,1,0,7,4,5,2,5
06047,2006-04-25,9,6,4,6,1,7,4
06048,2006-04-28,4,3,7,6,0,3,9
06049,2006-04-30,9,7,6,0,5,3,6
06050,2006-05-02,4,5,3,8,1,3,3
06051,2006-05-05,6,9,7,4,8,6,5
06052,2006-05-07,5,2,5,0,8,0,7
06053,2006-05-09,0,6,5,6,8,8,6
06054,2006-05-12,7,6,5,6,8,8,5
06055,2006-05-14,2,2,2,1,7,1,1
06056,2006-05-16,5,9,3,3,8,8,2
06057,2006-05-19,4,7,2,9,0,6,7
06058,2006-05-21,8,2,3,6,2,4,1
06059,2006-05-23,0,5,7,5,2,9,5
06060,2006-05-26,9,1,1,8,8,9,1
06061,2006-05-28,3,1,3,9,7,9,4
06062,2006-05-30,0,2,1,3,4,5,1
06063,2006-06-02,3,1,2,2,6,3,3
06064,2006-06-04,7,9,2,2,2,6,0
06065,2006-06-06,3,6,8,7,4,6,5
06066,2006-06-09,3,2,7,9,9,1,0
06067,2006-06-11,9,6,3,0,5,4,9
06068,2006-06-13,2,4,5,0,1,8,3
06069,2006-06-16,1,0,5,8,4,6,3
06070,2006-06-18,2,4,7,0,1,1,1
06071,2006-06-20,0,8,6,8,1,8,0
06072,2006-06-23,3,8,4,4,4,9,0
06073,2006-06-25,4,3,1,5,0,0,5
06074,2006-06-27,1,1,4,0,0,6,9
06075,2006-06-30,2,3,4,3,9,0,0
06076,2006-07-02,2,3,0,9,8,6,7
06077,2006-07-04,4,6,5,1,6,5,1
06078,2006-07-07,4,8,3,0,6,1,5
06079,2006-07-09,3,4,1,2,6,2,1
06080,2006-07-11,1,0,9,8,4,2,5
06081,2006-07-14,0,1,2,1,2,1,4
06082,2006-07-16,4,5,7,5,4,5,6
06083,2006-07-18,4,0,4,7,0,6,8
06084,2006-07-21,7,9,5,0,8,6,7
06085,2006-07-23,1,9,3,3,9,7,9
06086,2006-07-25,1,7,9,5,0,4,2
06087,2006-07-28,6,4,5,2,8,5,9
06088,2006-07-30,2,1,2,0,5,1,6
06089,2006-08-01,9,0,5,0,1,3,3
06090,2006-08-04,2,4,4,6,5,3,5
06091,2006-08-06,7,3,1,2,1,4,2
06092,2006-08-08,7,7,4,8,1,2,9
06093,2006-08-11,8,4,4,1,1,9,9
06094,2006-08-13,0,7,5,8,4,9,3
06095,2006-08-15,6,1,6,8,8,3,4
06096,2006-08-18,0,6,1,3,3,3,4
06097,2006-08-20,8,5,4,3,9,4,4
06098,2006-08-22,8,8,7,0,3,5,1
06099,2006-08-25,8,4,3,9,2,6,8
06100,2006-08-27,1,7,1,5,0,0,4
06101,2006-08-29,3,2,3,9,6,7,7
06102,2006-09-01,9,7,2,6,6,3,4
06103,2006-09-03,2,7,9,4,8,7,3
06104,2006-09-05,9,5,7,2,0,8,8
06105,2006-09-08,5,7,4,8,3,8,4
06106,2006-09-10,4,5,3,2,5,7,4
06107,2006-09-12,1,1,0,7,4,8,8
06108,2006-09-15,7,0,1,8,3,1,8
06109,2006-09-17,5,7,4,1,8,2,6
06110,2006-09-19,1,2,9,1,3,2,6
06111,2006-09-22,9,3,1,1,0,1,0
06112,2006-09-24,8,1,2,4,4,5,4
06113,2006-09-26,2,5,9,9,2,1,2
06114,2006-09-29,6,4,0,2,1,5,4
06115,2006-10-01,3,8,4,2,7,8,9
06116,2006-10-03,9,3,2,9,2,8,6
06117,2006-10-06,5,1,3,4,9,2,8
06118,2006-10-08,9,8,6,3,3,8,3
06119,2006-10-10,2,1,9,3,2,3,8
06120,2006-10-13,1,8,3,6,9,7,8
06121,2006-10-15,9,4,0,9,2,1,0
06122,2006-10-17,5,4,0,8,7,0,6
06123,2006-10-20,3,7,7,0,4,3,6
06124,2006-10-22,5,3,8,1,3,1,5
06125,2006-10-24,2,3,6,1,4,4,7
06126,2006-10-27,6,2,4,1,6,2,8
06127,2006-10-29,3,7,8,9,9,1,9
06128,2006-10-31,2,1,4,1,3,8,9
06129,2006-11-03,1,8,6,6,2,2,1
06130,2006-11-05,7,8,6,7,7,6,2
06131,2006-11-07,5,1,8,4,4,9,0
06132,2006-11-10,6,0,1,7,2,2,0
06133,2006-11-12,1,3,4,3,3,0,6
06134,2006-11-14,7,9,9,4,6,2,3
06135,2006-11-17,8,9,4,1,1,4,5
06136,2006-11-19,4,8,1,4,3,4,5
06137,2006-11-21,0,3,8,7,7,2,1
06138,2006-11-24,4,2,7,2,1,6,4
06139,2006-11-26,3,3,9,9,2,1,3
06140,2006-11-28,6,8,9,9,0,4,9
06141,2006-12-01,1,5,3,2,0,2,0
06142,2006-12-03,2,3,9,2,3,8,4
06143,2006-12-05,2,5,3,4,3,2,5
06144,2006-12-08,8,8,9,6,8,8,0
06145,2006-12-10,4,8,6,4,6,9,7
06146,2006-12-12,1,9,1,5,7,7,9
06147,2006-12-15,1,8,5,7,5,5,4
06148,2006-12-17,0,9,2,2,7,4,8
06149,2006-12-19,4,0,3,9,8,5,2
06150,2006-12-22,9,8,6,6,5,0,9
06151,2006-12-24,0,4,6,3,1,6,2
06152,2006-12-26,1,1,7,9,8,1,9
06153,2006-12-29,5,9,7,0,7,8,4
06154,2006-12-31,1,7,4,2,9,6,0
07001,2007-01-02,3,9,5,5,5,3,6
07002,2007-01-05,8,3,3,5,8,8,2
07003,2007-01-07,5,7,5,8,6,8,7
07004,2007-01-09,6,4,3,1,9,9,7
07005,2007-01-12,4,6,4,0,2,0,4
07006,2007-01-14,0,3,5,3,6,1,0
07007,2007-01-16,5,1,8,9,6,9,4
07008,2007-01-19,2,1,6,6,7,3,5
07009,2007-01-21,5,3,8,7,2,0,8
07010,2007-01-23,1,6,0,9,8,7,7
07011,2007-01-26,3,9,2,3,1,9,3
07012,2007-01-28,5,2,6,3,4,6,1
07013,2007-01-30,0,8,6,6,0,0,8
07014,2007-02-02,3,4,1,5,3,1,4
07015,2007-02-04,3,1,7,9,5,8,5
07016,2007-02-06,2,5,0,4,5,5,7
07017,2007-02-09,9,0,8,5,4,7,8
07018,2007-02-11,0,9,9,1,8,4,5
07019,2007-02-13,1,2,8,6,2,7,8
07020,2007-02-16,3,6,7,0,9,2,5
07021,2007-02-25,0,3,4,6,7,5,6
07022,2007-02-27,6,1,1,0,3,9,6
07023,2007-03-02,5,8,6,2,3,5,4
07024,2007-03-04,9,3,9,8,5,4,6
07025,2007-03-06,6,1,3,0,0,0,0
07026,2007-03-09,0,4,9,7,4,5,2
07027,2007-03-11,2,0,0,5,7,9,6
07028,2007-03-13,1,7,6,7,5,0,3
07029,2007-03-16,9,1,4,0,2,0,0
07030,2007-03-18,5,8,1,1,3,0,2
07031,2007-03-20,9,6,1,6,3,5,2
07032,2007-03-23,3,1,2,1,2,9,9
07033,2007-03-25,4,7,5,2,2,8,8
07034,2007-03-27,2,4,2,4,1,9,8
07035,2007-03-30,8,8,8,5,1,1,6
07036,2007-04-01,7,5,6,5,3,1,7
07037,2007-04-03,4,2,3,5,7,4,4
07038,2007-04-06,3,1,1,1,3,8,3
07039,2007-04-08,1,6,2,6,4,7,3
07040,2007-04-10,2,2,5,5,3,9,6
07041,2007-04-13,9,8,2,7,2,7,2
07042,2007-04-15,0,0,9,7,3,4,2
07043,2007-04-17,8,1,9,4,9,5,7
07044,2007-04-20,8,5,7,6,2,5,8
07045,2007-04-22,7,8,3,0,9,1,4
07046,2007-04-24,2,0,9,9,9,6,0
07047,2007-04-27,2,4,1,2,1,6,0
07048,2007-04-29,9,3,9,4,5,1,9
07049,2007-05-01,2,4,7,7,5,5,4
07050,2007-05-04,8,4,1,6,9,6,0
07051,2007-05-06,4,3,5,3,1,4,0
07052,2007-05-08,4,5,0,7,8,0,4
07053,2007-05-11,1,6,8,7,2,9,9
07054,2007-05-13,1,5,4,3,2,1,7
07055,2007-05-15,6,8,3,5,9,5,3
07056,2007-05-18,2,0,8,1,5,8,2
07057,2007-05-20,5,1,3,8,2,0,7
07058,2007-05-22,5,5,1,9,8,3,7
07059,2007-05-25,4,2,0,7,3,1,9
07060,2007-05-27,8,9,8,3,3,0,0
07061,2007-05-29,1,2,0,1,9,3,3
07062,2007-06-01,8,7,6,0,0,2,3
07063,2007-06-03,1,4,9,4,4,2,0
07064,2007-06-05,4,2,7,3,9,8,3
07065,2007-06-08,4,1,9,1,9,1,7
07066,2007-06-10,7,5,0,7,3,7,9
07067,2007-06-12,6,2,8,0,3,3,5
07068,2007-06-15,6,8,4,7,0,7,3
07069,2007-06-17,8,6,0,9,2,6,9
07070,2007-06-19,2,8,5,7,8,9,0
07071,2007-06-22,8,8,3,2,3,5,6
07072,2007-06-24,0,7,6,0,4,2,7
07073,2007-06-26,1,7,6,3,2,7,0
07074,2007-06-29,1,8,3,6,6,7,3
07075,2007-07-01,4,6,2,0,9,5,4
07076,2007-07-03,8,5,4,6,9,8,9
07077,2007-07-06,6,9,6,0,3,1,3
07078,2007-07-08,5,3,8,3,3,5,2
07079,2007-07-10,5,4,6,8,4,6,9
07080,2007-07-13,5,5,8,7,0,2,6
07081,2007-07-15,8,0,0,2,3,6,5
07082,2007-07-17,1,6,9,0,0,0,3
07083,2007-07-20,5,0,9,0,4,1,4
07084,2007-07-22,3,0,4,3,7,8,6
07085,2007-07-24,1,2,1,6,7,7,5
07086,2007-07-27,1,7,0,5,4,3,1
07087,2007-07-29,0,3,5,2,6,1,1
07088,2007-07-31,7,0,9,8,4,9,3
07089,2007-08-03,0,5,2,5,5,4,9
07090,2007-08-05,7,9,2,1,1,0,3
07091,2007-08-07,4,1,5,7,1,0,7
07092,2007-08-10,9,1,0,4,8,2,6
07093,2007-08-12,6,3,0,1,4,9,7
07094,2007-08-14,4,6,5,2,1,6,8
07095,2007-08-17,6,9,5,8,0,6,0
07096,2007-08-19,6,9,4,6,0,4,6
07097,2007-08-21,4,7,2,9,9,8,6
07098,2007-08-24,3,9,5,4,7,0,9
07099,2007-08-26,8,4,8,6,9,7,9
07100,2007-08-28,4,4,1,0,2,5,7
07101,2007-08-31,2,8,8,5,5,6,7
07102,2007-09-02,6,0,9,0,0,7,1
07103,2007-09-04,9,4,5,3,7,2,5
07104,2007-09-07,3,8,8,0,0,4,3
07105,2007-09-09,8,7,6,8,1,1,4
07106,2007-09-11,5,1,9,8,8,1,3
07107,2007-09-14,3,9,7,7,5,9,0
07108,2007-09-16,4,7,2,8,5,3,4
07109,2007-09-18,9,4,0,2,9,9,5
07110,2007-09-21,6,7,1,9,3,4,7
07111,2007-09-23,2,9,0,1,1,6,6
07112,2007-09-25,8,5,1,8,9,4,0
07113,2007-09-28,7,5,8,1,8,3,3
07114,2007-09-30,9,2,9,8,6,1,2
07115,2007-10-02,0,0,2,8,2,5,2
07116,2007-10-05,4,1,1,1,9,9,1
07117,2007-10-07,2,1,1,1,5,6,4
07118,2007-10-09,6,5,7,6,7,6,8
07119,2007-10-12,9,8,9,9,4,0,3
07120,2007-10-14,1,4,3,6,9,1,7
07121,2007-10-16,7,7,2,5,8,6,0
07122,2007-10-19,3,3,4,1,7,4,7
07123,2007-10-21,5,1,4,6,0,1,2
07124,2007-10-23,5,7,8,1,5,2,4
07125,2007-10-26,4,4,0,3,3,8,0
07126,2007-10-28,1,7,5,7,8,8,7
07127,2007-10-30,6,8,4,9,4,0,8
07128,2007-11-02,6,7,4,7,9,5,1
07129,2007-11-04,7,7,7,8,8,4,6
07130,2007-11-06,5,4,3,9,4,9,1
07131,2007-11-09,7,7,3,5,6,3,9
07132,2007-11-11,1,5,7,2,6,4,0
07133,2007-11-13,9,6,5,2,0,7,3
07134,2007-11-16,6,9,9,8,8,5,1
07135,2007-11-18,9,6,5,2,8,7,0
07136,2007-11-20,5,8,2,0,8,8,3
07137,2007-11-23,4,0,2,1,0,5,6
07138,2007-11-25,4,9,4,2,7,1,9
07139,2007-11-27,8,4,8,8,4,4,6
07140,2007-11-30,9,4,1,5,8,9,7
07141,2007-12-02,8,5,0,2,0,5,9
07142,2007-12-04,6,0,4,0,6,6,9
07143,2007-12-07,0,5,3,1,2,7,3
07144,2007-12-09,4,1,5,8,1,3,4
07145,2007-12-11,9,6,7,2,4,9,8
07146,2007-12-14,7,0,5,3,7,3,1
07147,2007-12-16,2,2,0,0,0,7,0
07148,2007-12-18,2,1,4,6,3,3,0
07149,2007-12-21,0,4,3,9,9,6,8
07150,2007-12-23,1,4,1,7,4,1,1
07151,2007-12-25,4,1,2,5,2,4,2
07152,2007-12-28,7,4,3,8,0,1,8
07153,2007-12-30,4,3,5,7,9,1,8
08001,2008-01-01,1,9,5,8,3,6,8
08002,2008-01-04,5,3,5,7,8,1,3
08003,2008-01-06,4,0,4,8,3,2,4
08004,2008-01-08,4,8,5,1,1,1,7
08005,2008-01-11,7,1,1,0,6,7,3
08006,2008-01-13,2,5,6,4,6,3,9
08007,2008-01-15,6,6,8,2,9,6,9
08008,2008-01-18,7,9,2,9,9,1,2
08009,2008-01-20,0,5,0,2,5,0,4
08010,2008-01-22,0,6,0,5,7,9,5
08011,2008-01-25,8,7,6,9,8,4,2
08012,2008-01-27,8,9,8,9,5,3,9
08013,2008-01-29,8,7,6,3,6,6,6
08014,2008-02-01,4,3,1,3,8,7,9
08015,2008-02-03,6,3,7,1,8,4,0
08016,2008-02-05,8,4,5,4,8,2,3
08017,2008-02-15,4,3,0,5,9,1,5
08018,2008-02-17,9,2,8,3,6,6,9
08019,2008-02-19,9,6,0,9,1,2,5
08020,2008-02-22,3,8,1,2,5,0,1
08021,2008-02-24,6,4,8,7,2,3,1
08022,2008-02-26,6,9,6,1,1,4,0
08023,2008-02-29,9,1,8,8,0,0,1
08024,2008-03-02,1,1,7,2,4,7,2
08025,2008-03-04,3,7,6,0,2,3,9
08026,2008-03-07,8,3,3,9,0,2,7
08027,2008-03-09,2,0,4,1,3,1,0
08028,2008-03-11,3,3,2,6,6,3,1
08029,2008-03-14,3,7,9,8,6,5,6
08030,2008-03-16,3,8,9,0,4,3,6
08031,2008-03-18,0,7,4,1,4,2,1
08032,2008-03-21,2,2,5,3,5,2,7
08033,2008-03-23,3,8,5,3,0,1,7
08034,2008-03-25,9,1,5,2,6,6,9
08035,2008-03-28,6,8,9,0,3,3,8
08036,2008-03-30,3,7,0,9,5,4,2
08037,2008-04-01,5,0,9,9,2,3,6
08038,2008-04-04,3,9,3,2,8,8,6
08039,2008-04-06,8,8,2,3,2,0,0
08040,2008-04-08,5,9,0,5,8,2,5
08041,2008-04-11,6,0,5,4,1,9,5
08042,2008-04-13,7,3,8,1,1,1,0
08043,2008-04-15,7,9,8,5,2,0,9
08044,2008-04-18,9,6,5,1,8,5,3
08045,2008-04-20,1,8,0,9,5,5,2
08046,2008-04-22,2,1,6,0,8,7,0
08047,2008-04-25,8,9,8,4,9,0,8
08048,2008-04-27,4,6,4,1,3,8,3
08049,2008-04-29,6,2,7,8,5,5,6
08050,2008-05-02,7,1,4,6,6,6,9
08051,2008-05-04,8,6,9,5,6,5,0
08052,2008-05-06,9,6,1,9,6,6,7
08053,2008-05-09,8,5,1,7,0,7,2
08054,2008-05-11,9,6,7,5,0,3,2
08055,2008-05-13,3,5,2,6,3,6,1
08056,2008-05-16,4,1,3,0,4,1,8
08057,2008-05-18,3,5,9,7,7,1,6
08058,2008-05-20,5,4,6,9,5,4,5
08059,2008-05-23,2,1,0,7,6,9,7
08060,2008-05-25,1,5,6,8,4,9,2
08061,2008-05-27,9,0,0,0,8,1,8
08062,2008-05-30,6,5,5,2,0,2,2
08063,2008-06-01,0,0,9,3,7,5,9
08064,2008-06-03,8,0,3,0,0,8,9
08065,2008-06-06,7,5,8,0,9,3,9
08066,2008-06-08,1,2,4,1,8,2,4
08067,2008-06-10,7,3,4,0,3,2,7
08068,2008-06-13,0,1,4,3,8,9,6
08069,2008-06-15,4,2,3,8,6,9,1
08070,2008-06-17,2,0,6,0,0,3,5
08071,2008-06-20,0,0,2,4,9,8,0
08072,2008-06-22,7,1,1,1,7,4,1
08073,2008-06-24,7,5,2,3,3,8,4
08074,2008-06-27,9,4,6,5,5,2,2
08075,2008-06-29,5,4,6,2,5,7,7
08076,2008-07-01,7,9,6,5,8,4,9
08077,2008-07-04,3,9,8,3,6,9,8
08078,2008-07-06,4,2,6,9,0,0,6
08079,2008-07-08,7,2,6,3,5,8,7
08080,2008-07-11,9,4,7,9,2,2,5
08081,2008-07-13,4,5,7,0,1,1,5
08082,2008-07-15,7,1,3,2,8,2,4
08083,2008-07-18,5,2,1,4,5,7,7
08084,2008-07-20,4,8,9,6,8,9,5
08085,2008-07-22,9,9,1,7,4,1,4
08086,2008-07-25,4,4,6,2,1,3,1
08087,2008-07-27,1,6,8,2,5,6,9
08088,2008-07-29,8,1,3,1,9,8,5
08089,2008-08-01,3,4,7,9,2,2,7
08090,2008-08-03,7,6,5,9,1,6,8
08091,2008-08-05,3,6,9,7,0,2,5
08092,2008-08-08,9,6,9,5,1,0,5
08093,2008-08-10,2,9,0,6,9,0,1
08094,2008-08-12,6,6,0,4,3,4,4
08095,2008-08-15,2,8,0,2,2,8,8
08096,2008-08-17,2,9,9,4,9,6,7
08097,2008-08-19,7,7,5,9,2,4,8
08098,2008-08-22,8,9,0,2,8,9,2
08099,2008-08-24,5,0,5,5,6,1,6
08100,2008-08-26,2,3,3,1,9,7,4
08101,2008-08-29,0,8,3,4,0,2,5
08102,2008-08-31,1,3,3,3,5,3,7
08103,2008-09-02,3,1,4,5,1,0,5
08104,2008-09-05,1,9,8,1,0,0,0
08105,2008-09-07,3,5,1,2,2,5,4
08106,2008-09-09,1,7,2,7,9,7,4
08107,2008-09-12,5,7,3,3,2,4,9
08108,2008-09-14,1,3,9,7,8,8,7
08109,2008-09-16,3,1,5,9,9,4,5
08110,2008-09-19,2,9,3,3,1,7,8
08111,2008-09-21,7,1,5,9,7,7,9
08112,2008-09-23,8,3,3,5,6,0,9
08113,2008-09-26,7,8,1,4,8,8,7
08114,2008-09-28,9,9,1,8,7,5,5
08115,2008-09-30,8,9,7,1,5,4,9
08116,2008-10-03,7,5,4,9,3,7,7
08117,2008-10-05,8,3,2,3,8,5,4
08118,2008-10-07,6,5,4,4,9,6,8
08119,2008-10-10,2,2,3,6,4,1,1
08120,2008-10-12,1,1,6,5,0,5,5
08121,2008-10-14,6,6,1,8,4,1,7
08122,2008-10-17,4,9,9,7,0,0,7
08123,2008-10-19,8,2,6,0,9,4,0
08124,2008-10-21,2,7,3,7,0,2,4
08125,2008-10-24,9,2,3,9,4,1,8
08126,2008-10-26,2,2,4,4,9,3,3
08127,2008-10-28,9,0,4,0,0,1,0
08128,2008-10-31,5,7,2,4,2,0,8
08129,2008-11-02,2,0,0,6,8,6,7
08130,2008-11-04,2,8,8,9,7,0,3
08131,2008-11-07,7,1,5,7,6,3,7
08132,2008-11-09,2,4,9,8,2,7,5
08133,2008-11-11,9,1,8,6,5,9,8
08134,2008-11-14,3,5,4,0,7,9,7
08135,2008-11-16,8,5,0,8,1,9,3
08136,2008-11-18,1,4,0,1,9,5,2
08137,2008-11-21,4,0,3,8,9,6,1
08138,2008-11-23,7,3,1,5,8,4,6
08139,2008-11-25,9,7,6,6,3,7,3
08140,2008-11-28,9,3,5,1,0,1,8
08141,2008-11-30,9,1,5,2,5,7,5
08142,2008-12-02,4,3,9,7,3,7,2
08143,2008-12-05,6,3,8,1,1,9,2
08144,2008-12-07,2,0,4,8,8,2,5
08145,2008-12-09,4,3,3,5,6,3,4
08146,2008-12-12,1,2,0,7,1,9,0
08147,2008-12-14,4,1,7,5,6,0,5
08148,2008-12-16,3,1,6,3,3,1,4
08149,2008-12-19,4,2,6,0,1,1,3
08150,2008-12-21,9,6,7,0,7,6,1
08151,2008-12-23,5,6,6,6,3,4,1
08152,2008-12-26,6,3,9,4,5,6,5
08153,2008-12-28,8,2,1,0,4,6,3
08154,2008-12-30,2,5,2,4,8,0,7
09001,2009-01-02,2,9,1,0,3,7,4
09002,2009-01-04,4,8,8,5,7,4,0
09003,2009-01-06,4,2,1,5,9,1,0
09004,2009-01-09,3,2,2,1,8,1,5
09005,2009-01-11,6,8,6,1,7,7,7
09006,2009-01-13,3,6,1,2,5,3,7
09007,2009-01-16,0,6,4,8,7,9,1
09008,2009-01-18,8,6,6,1,3,4,6
09009,2009-01-20,8,9,3,9,3,8,2
09010,2009-01-23,0,3,2,5,2,8,1
09011,2009-02-01,4,1,4,9,8,8,9
09012,2009-02-03,2,7,6,6,2,9,0
09013,2009-02-06,6,3,7,3,9,5,5
09014,2009-02-08,7,2,9,5,9,8,6
09015,2009-02-10,6,6,6,7,2,8,8
09016,2009-02-13,1,6,7,8,2,2,6
09017,2009-02-15,4,6,2,2,3,4,4
09018,2009-02-17,2,2,6,3,2,1,3
09019,2009-02-20,1,1,9,0,5,3,6
09020,2009-02-22,2,2,2,8,8,7,6
09021,2009-02-24,7,4,0,1,6,9,1
09022,2009-02-27,3,3,7,7,1,9,7
09023,2009-03-01,2,1,9,6,1,3,2
09024,2009-03-03,9,8,2,4,9,9,6
09025,2009-03-06,5,1,1,3,8,9,0
09026,2009-03-08,3,9,0,2,8,8,8
09027,2009-03-10,9,4,8,7,7,5,1
09028,2009-03-13,0,3,3,8,1,9,7
09029,2009-03-15,2,3,2,6,9,8,3
09030,2009-03-17,6,6,2,8,9,4,4
09031,2009-03-20,3,6,2,9,9,7,3
09032,2009-03-22,5,5,5,9,9,3,3
09033,2009-03-24,7,3,2,4,3,1,2
09034,2009-03-27,4,1,7,5,0,6,9
09035,2009-03-29,3,5,7,4,8,5,6
09036,2009-03-31,5,1,8,6,9,0,6
09037,2009-04-03,6,8,9,4,7,6,3
09038,2009-04-05,9,6,8,1,9,2,6
09039,2009-04-07,4,1,9,4,2,2,9
09040,2009-04-10,1,0,2,7,5,7,5
09041,2009-04-12,1,7,3,8,2,6,6
09042,2009-04-14,3,9,7,0,5,0,6
09043,2009-04-17,3,8,7,2,4,9,7
09044,2009-04-19,8,8,5,0,4,9,7
09045,2009-04-21,8,7,4,0,1,3,1
09046,2009-04-24,3,7,0,1,4,4,5
09047,2009-04-26,3,5,1,1,5,8,7
09048,2009-04-28,8,1,2,3,5,5,8
09049,2009-05-01,4,3,5,0,6,5,0
09050,2009-05-03,2,2,8,2,0,2,8
09051,2009-05-05,5,3,1,0,0,4,9
09052,2009-05-08,1,7,2,4,5,3,3
09053,2009-05-10,2,1,8,9,4,0,0
09054,2009-05-12,6,7,2,5,3,1,2
09055,2009-05-15,9,1,6,8,9,1,2
09056,2009-05-17,1,8,5,6,5,9,7
09057,2009-05-19,8,6,9,9,0,6,3
09058,2009-05-22,9,3,6,1,2,4,8
09059,2009-05-24,2,1,5,3,2,5,0
09060,2009-05-26,4,7,2,7,8,5,1
09061,2009-05-29,3,3,6,7,5,5,2
09062,2009-05-31,2,8,1,4,9,2,8
09063,2009-06-02,6,8,1,3,6,6,5
09064,2009-06-05,5,7,3,6,4,5,1
09065,2009-06-07,6,6,7,7,1,1,1
09066,2009-06-09,4,6,2,7,9,2,1
09067,2009-06-12,7,8,6,9,4,4,5
09068,2009-06-14,4,1,2,0,1,1,0
09069,2009-06-16,7,6,2,1,5,4,3
09070,2009-06-19,7,9,7,2,5,8,8
09071,2009-06-21,2,6,9,7,3,0,4
09072,2009-06-23,7,6,6,9,9,4,4
09073,2009-06-26,0,9,9,8,8,6,0
09074,2009-06-28,6,9,0,7,8,2,4
09075,2009-06-30,3,9,0,6,5,3,5
09076,2009-07-03,2,3,7,3,1,0,0
09077,2009-07-05,5,6,5,5,1,4,7
09078,2009-07-07,8,9,3,3,0,0,8
09079,2009-07-10,3,9,4,0,6,5,9
09080,2009-07-12,4,5,1,0,0,8,0
09081,2009-07-14,5,4,9,6,3,5,8
09082,2009-07-17,9,4,4,5,9,1,3
09083,2009-07-19,4,1,4,5,8,4,5
09084,2009-07-21,5,4,5,1,6,6,6
09085,2009-07-24,4,7,9,8,7,7,0
09086,2009-07-26,9,3,1,0,2,7,3
09087,2009-07-28,3,6,7,1,2,2,6
09088,2009-07-31,0,3,6,1,9,6,3
09089,2009-08-02,0,9,4,2,5,2,1
09090,2009-08-04,7,6,7,5,1,7,2
09091,2009-08-07,0,8,2,4,6,5,5
09092,2009-08-09,8,6,0,3,4,9,5
09093,2009-08-11,4,6,6,2,7,0,3
09094,2009-08-14,7,2,2,0,5,6,0
09095,2009-08-16,3,3,1,3,9,7,2
09096,2009-08-18,6,4,1,2,2,8,5
09097,2009-08-21,1,4,8,3,9,8,6
09098,2009-08-23,1,6,7,2,5,6,7
09099,2009-08-25,7,7,0,0,0,6,3
09100,2009-08-28,7,2,2,9,4,0,1
09101,2009-08-30,2,1,2,5,5,9,2
09102,2009-09-01,7,1,3,1,5,2,0
09103,2009-09-04,9,6,4,9,9,5,3
09104,2009-09-06,8,4,5,8,4,9,4
09105,2009-09-08,9,0,4,3,7,9,6
09106,2009-09-11,4,6,8,6,3,8,9
09107,2009-09-13,7,0,4,2,7,2,1
09108,2009-09-15,8,4,0,9,8,7,8
09109,2009-09-18,4,3,1,4,0,6,4
09110,2009-09-20,4,7,8,4,3,2,0
09111,2009-09-22,0,7,9,4,2,7,3
09112,2009-09-25,2,8,3,2,4,3,2
09113,2009-09-27,8,0,1,9,8,4,1
09114,2009-09-29,5,9,7,9,6,8,4
09115,2009-10-02,0,8,6,3,3,6,5
09116,2009-10-04,5,3,3,1,9,6,0
09117,2009-10-06,2,4,3,3,2,4,3
09118,2009-10-09,2,1,0,2,9,4,7
09119,2009-10-11,6,8,8,0,9,5,9
09120,2009-10-13,3,5,6,3,2,7,9
09121,2009-10-16,5,5,4,7,5,7,1
09122,2009-10-18,6,5,3,0,5,7,6
09123,2009-10-20,8,7,1,9,6,8,0
09124,2009-10-23,9,8,7,2,9,3,4
09125,2009-10-25,8,0,9,1,4,2,2
09126,2009-10-27,3,9,1,5,3,4,1
09127,2009-10-30,7,2,1,1,5,8,8
09128,2009-11-01,2,4,4,1,0,1,7
09129,2009-11-03,5,0,7,4,4,6,1
09130,2009-11-06,2,7,5,2,6,8,3
09131,2009-11-08,5,8,5,0,1,7,8
09132,2009-11-10,9,2,5,5,2,5,9
09133,2009-11-13,5,4,4,2,7,4,7
09134,2009-11-15,7,4,4,8,7,6,8
09135,2009-11-17,9,8,4,6,8,9,0
09136,2009-11-20,1,1,6,0,0,5,9
09137,2009-11-22,5,1,1,2,8,0,2
09138,2009-11-24,6,5,5,7,8,4,4
09139,2009-11-27,8,3,6,3,9,9,0
09140,2009-11-29,3,7,3,8,1,4,3
09141,2009-12-01,0,8,8,9,6,9,7
09142,2009-12-04,2,7,5,0,4,9,7
09143,2009-12-06,4,0,4,7,3,7,0
09144,2009-12-08,8,7,9,7,1,8,6
09145,2009-12-11,9,6,0,3,1,1,8
09146,2009-12-13,0,7,8,0,4,9,0
09147,2009-12-15,3,0,2,9,9,8,1
09148,2009-12-18,2,3,7,2,6,2,6
09149,2009-12-20,1,4,4,4,5,5,1
09150,2009-12-22,2,8,4,5,5,6,2
09151,2009-12-25,6,2,5,1,6,4,2
09152,2009-12-27,0,0,8,4,4,0,2
09153,2009-12-29,4,3,5,2,3,6,5
10001,2010-01-01,2,9,0,1,4,4,4
10002,2010-01-03,3,9,8,5,5,0,4
10003,2010-01-05,1,4,5,6,7,8,0
10004,2010-01-08,4,0,6,0,9,1,0
10005,2010-01-10,3,5,0,1,1,5,8
10006,2010-01-12,1,6,4,3,9,9,0
10007,2010-01-15,7,0,5,8,3,4,7
10008,2010-01-17,5,2,8,5,3,9,1
10009,2010-01-19,6,1,4,9,7,0,2
10010,2010-01-22,3,3,0,5,6,8,8
10011,2010-01-24,8,8,7,2,1,9,5
10012,2010-01-26,5,1,6,1,3,3,5
10013,2010-01-29,9,5,5,7,7,2,0
10014,2010-01-31,2,5,0,9,1,0,6
10015,2010-02-02,2,5,2,2,1,3,9
10016,2010-02-05,6,6,6,9,5,1,7
10017,2010-02-07,9,1,3,2,2,6,8
10018,2010-02-09,0,0,6,2,6,2,5
10019,2010-02-12,7,7,7,9,2,6,9
10020,2010-02-21,9,6,0,8,0,8,8
10021,2010-02-23,9,5,4,2,2,4,4
10022,2010-02-26,9,8,0,5,7,9,4
10023,2010-02-28,4,4,8,3,7,4,3
10024,2010-03-02,9,6,6,7,9,5,8
10025,2010-03-05,4,4,4,2,0,6,5
10026,2010-03-07,6,5,8,8,1,0,6
10027,2010-03-09,0,9,4,7,2,3,8
10028,2010-03-12,5,1,7,0,6,9,9
10029,2010-03-14,7,6,6,8,3,8,3
10030,2010-03-16,7,6,9,5,8,9,0
10031,2010-03-19,4,8,5,0,9,2,8
10032,2010-03-21,9,2,8,7,7,2,7
10033,2010-03-23,9,1,5,5,0,2,0
10034,2010-03-26,3,3,8,1,4,0,3
10035,2010-03-28,9,8,9,5,7,6,9
10036,2010-03-30,3,7,9,3,7,4,4
10037,2010-04-02,4,9,6,7,3,4,7
10038,2010-04-04,8,7,1,8,1,2,7
10039,2010-04-06,3,1,0,8,7,8,0
10040,2010-04-09,8,5,9,4,1,0,4
10041,2010-04-11,6,6,7,7,3,0,6
10042,2010-04-13,8,3,2,1,9,4,9
10043,2010-04-16,6,8,2,2,6,6,5
10044,2010-04-18,1,4,2,5,6,6,6
10045,2010-04-20,8,7,2,0,0,1,3
10046,2010-04-23,4,1,3,1,2,4,0
10047,2010-04-25,0,3,1,6,6,5,5
10048,2010-04-27,6,7,7,4,6,4,6
10049,2010-04-30,5,4,6,4,8,3,7
10050,2010-05-02,6,3,8,7,8,2,3
10051,2010-05-04,7,5,4,7,8,9,5
10052,2010-05-07,8,0,3,9,2,2,2
10053,2010-05-09,9,5,0,7,2,5,3
10054,2010-05-11,4,0,3,6,5,1,6
10055,2010-05-14,3,4,6,1,2,2,9
10056,2010-05-16,8,1,9,5,3,9,4
10057,2010-05-18,1,5,7,4,1,4,3
10058,2010-05-21,8,0,8,6,7,1,9
10059,2010-05-23,8,4,1,5,7,3,6
10060,2010-05-25,0,6,5,3,1,8,9
10061,2010-05-28,6,5,4,0,7,2,4
10062,2010-05-30,4,9,2,2,6,0,7
10063,2010-06-01,5,8,8,5,4,0,6
10064,2010-06-04,0,0,7,5,2,2,0
10065,2010-06-06,5,5,0,9,8,9,3
10066,2010-06-08,8,9,9,0,9,3,6
10067,2010-06-11,8,0,1,7,4,2,2
10068,2010-06-13,9,0,7,7,1,9,5
10069,2010-06-15,1,5,1,4,1,0,9
10070,2010-06-18,9,5,8,4,1,1,5
10071,2010-06-20,4,8,4,1,6,0,5
10072,2010-06-22,3,1,6,5,3,8,1
10073,2010-06-25,6,5,2,1,7,3,4
10074,2010-06-27,3,8,2,3,4,2,7
10075,2010-06-29,8,6,2,2,3,3,0
10076,2010-07-02,8,0,3,2,2,9,3
10077,2010-07-04,3,3,4,4,3,8,0
10078,2010-07-06,1,7,8,1,1,8,9
10079,2010-07-09,3,9,2,4,2,5,6
10080,2010-07-11,1,1,1,1,5,7,1
10081,2010-07-13,0,1,7,6,2,3,1
10082,2010-07-16,5,7,2,6,3,1,6
10083,2010-07-18,6,0,4,0,3,3,0
10084,2010-07-20,8,0,1,6,5,3,2
10085,2010-07-23,7,9,1,4,0,7,0
10086,2010-07-25,5,4,5,7,8,7,4
10087,2010-07-27,0,6,5,5,8,8,1
10088,2010-07-30,4,4,3,4,7,2,5
10089,2010-08-01,9,1,8,8,6,3,1
10090,2010-08-03,5,6,1,8,4,6,6
10091,2010-08-06,6,7,2,6,0,0,2
10092,2010-08-08,1,1,9,9,1,0,2
10093,2010-08-10,4,6,1,6,3,6,3
10094,2010-08-13,5,5,6,4,6,1,3
10095,2010-08-15,8,3,8,7,8,5,8
10096,2010-08-17,5,0,6,8,8,6,4
10097,2010-08-20,3,4,9,0,6,7,1
10098,2010-08-22,5,6,6,7,5,7,9
10099,2010-08-24,2,7,7,7,9,2,8
10100,2010-08-27,5,5,6,6,7,4,0
10101,2010-08-29,3,7,5,9,1,8,8
10102,2010-08-31,7,5,4,0,6,6,2
10103,2010-09-03,0,7,2,9,6,0,3
10104,2010-09-05,5,5,3,1,9,7,9
10105,2010-09-07,7,7,6,0,9,9,9
10106,2010-09-10,9,3,8,2,1,9,4
10107,2010-09-12,2,5,9,4,4,4,8
10108,2010-09-14,6,4,6,5,4,9,0
10109,2010-09-17,5,3,2,0,7,7,0
10110,2010-09-19,5,4,4,2,4,0,4
10111,2010-09-21,7,0,4,6,0,7,7
10112,2010-09-24,1,8,4,4,9,5,2
10113,2010-09-26,5,7,3,7,6,9,9
10114,2010-09-28,9,6,6,3,5,5,4
10115,2010-10-01,2,0,8,7,3,9,3
10116,2010-10-03,9,3,7,0,4,3,0
10117,2010-10-05,4,5,3,9,1,9,7
10118,2010-10-08,3,6,5,3,8,0,4
10119,2010-10-10,5,1,5,2,6,5,7
10120,2010-10-12,2,1,9,6,7,5,2
10121,2010-10-15,4,1,3,0,7,3,5
10122,2010-10-17,0,2,7,7,8,3,4
10123,2010-10-19,3,8,6,9,6,9,7
10124,2010-10-22,9,9,7,7,0,3,0
10125,2010-10-24,5,8,2,2,1,4,6
10126,2010-10-26,3,9,6,6,0,2,4
10127,2010-10-29,6,4,8,2,5,7,4
10128,2010-10-31,9,7,4,0,6,1,1
10129,2010-11-02,3,1,4,8,9,9,8
10130,2010-11-05,6,6,7,4,5,2,1
10131,2010-11-07,2,7,6,0,2,1,2
10132,2010-11-09,7,6,5,8,3,3,8
10133,2010-11-12,9,8,9,4,4,6,8
10134,2010-11-14,6,7,9,9,4,3,6
10135,2010-11-16,1,9,0,0,8,4,1
10136,2010-11-19,1,3,3,4,7,3,1
10137,2010-11-21,7,7,7,7,0,7,7
10138,2010-11-23,9,6,2,7,6,8,8
10139,2010-11-26,0,9,8,7,2,6,5
10140,2010-11-28,2,6,6,3,3,0,9
10141,2010-11-30,1,8,5,8,5,8,3
10142,2010-12-03,1,9,4,3,7,4,6
10143,2010-12-05,0,5,7,8,6,8,4
10144,2010-12-07,0,7,8,4,2,0,5
10145,2010-12-10,5,3,0,3,2,9,7
10146,2010-12-12,1,1,6,8,2,0,1
10147,2010-12-14,2,1,1,0,8,7,3
10148,2010-12-17,1,8,6,5,0,5,5
10149,2010-12-19,9,2,5,7,4,8,5
10150,2010-12-21,7,6,7,4,2,1,3
10151,2010-12-24,5,2,9,5,7,6,7
10152,2010-12-26,6,8,4,2,0,1,5
10153,2010-12-28,5,8,6,9,3,6,7
10154,2010-12-31,5,2,5,2,9,7,4
11001,2011-01-02,9,8,4,5,8,5,4
11002,2011-01-04,0,1,5,0,6,5,0
11003,2011-01-07,9,0,9,8,0,9,3
11004,2011-01-09,3,6,0,4,1,6,6
11005,2011-01-11,2,9,6,9,6,4,5
11006,2011-01-14,1,6,5,0,9,5,7
11007,2011-01-16,3,4,9,8,5,5,3
11008,2011-01-18,8,3,6,6,6,7,0
11009,2011-01-21,1,1,0,7,5,3,0
11010,2011-01-23,1,3,6,3,3,7,8
11011,2011-01-25,0,0,6,6,3,6,6
11012,2011-01-28,4,7,4,4,5,0,0
11013,2011-01-30,5,9,8,8,4,2,2
11014,2011-02-01,3,4,4,0,2,8,8
11015,2011-02-11,5,0,1,2,1,1,3
11016,2011-02-13,5,3,5,9,7,9,3
11017,2011-02-15,7,2,5,9,2,6,3
11018,2011-02-18,6,6,2,2,5,7,7
11019,2011-02-20,6,0,8,8,9,9,4
11020,2011-02-22,7,2,5,0,2,6,1
11021,2011-02-25,6,0,7,2,0,7,0
11022,2011-02-27,7,5,3,2,0,0,6
11023,2011-03-01,7,4,0,3,5,9,1
11024,2011-03-04,9,3,7,7,3,7,0
11025,2011-03-06,8,9,2,7,7,5,3
11026,2011-03-08,2,0,5,8,3,6,5
11027,2011-03-11,8,6,2,3,2,3,7
11028,2011-03-13,5,2,3,5,8,2,5
11029,2011-03-15,1,6,4,0,0,0,2
11030,2011-03-18,4,4,5,2,9,3,3
11031,2011-03-20,7,6,4,1,7,3,5
11032,2011-03-22,2,0,8,1,6,3,2
11033,2011-03-25,2,0,5,2,5,3,6
11034,2011-03-27,6,4,9,8,9,6,2
11035,2011-03-29,2,7,4,8,7,7,2
11036,2011-04-01,3,6,8,4,6,2,7
11037,2011-04-03,8,5,5,6,9,4,6
11038,2011-04-05,0,1,2,4,7,4,5
11039,2011-04-08,9,6,2,7,7,3,1
11040,2011-04-10,3,8,8,8,7,5,7
11041,2011-04-12,6,6,6,9,3,6,6
11042,2011-04-15,4,7,6,1,3,6,2
11043,2011-04-17,6,6,8,9,7,2,0
11044,2011-04-19,6,6,3,5,8,4,6
11045,2011-04-22,0,8,8,9,3,9,9
11046,2011-04-24,1,1,6,3,8,4,7
11047,2011-04-26,7,9,1,2,2,9,5
11048,2011-04-29,0,0,5,7,6,8,9
11049,2011-05-01,1,4,5,8,1,8,9
11050,2011-05-03,2,1,9,3,5,6,0
11051,2011-05-06,3,2,7,7,4,0,1
11052,2011-05-08,7,7,0,8,5,3,3
11053,2011-05-10,6,2,4,4,6,9,2
11054,2011-05-13,9,4,0,9,3,4,3
11055,2011-05-15,7,5,8,0,8,1,2
11056,2011-05-17,9,4,5,6,5,0,5
11057,2011-05-20,5,1,8,8,5,1,6
11058,2011-05-22,4,3,5,9,0,1,2
11059,2011-05-24,4,4,2,0,5,7,2
11060,2011-05-27,8,4,5,4,8,2,0
11061,2011-05-29,0,8,4,2,2,7,4
11062,2011-05-31,3,4,3,6,2,8,4
11063,2011-06-03,7,7,4,1,5,8,1
11064,2011-06-05,7,3,4,8,3,4,4
11065,2011-06-07,0,0,0,9,9,2,1
11066,2011-06-10,8,1,3,5,1,8,1
11067,2011-06-12,7,3,7,3,0,8,8
11068,2011-06-14,2,5,2,5,7,1,5
11069,2011-06-17,9,2,4,7,9,5,2
11070,2011-06-19,4,0,0,3,0,2,0
11071,2011-06-21,6,2,3,8,5,4,4
11072,2011-06-24,3,7,1,4,1,4,6
11073,2011-06-26,9,7,1,0,8,4,5
11074,2011-06-28,0,8,1,9,0,5,6
11075,2011-07-01,7,1,9,1,3,1,2
11076,2011-07-03,3,5,2,7,0,4,1
11077,2011-07-05,4,6,9,4,2,3,7
11078,2011-07-08,5,8,6,5,6,2,5
11079,2011-07-10,3,8,2,9,7,1,5
11080,2011-07-12,2,5,7,9,5,5,0
11081,2011-07-15,2,3,7,3,7,4,6
11082,2011-07-17,1,4,0,2,9,0,7
11083,2011-07-19,3,6,0,7,4,9,0
11084,2011-07-22,3,5,4,8,2,7,8
11085,2011-07-24,5,9,5,7,5,4,0
11086,2011-07-26,0,1,5,1,8,7,3
11087,2011-07-29,3,2,5,7,1,1,4
11088,2011-07-31,0,1,8,3,6,8,9
11089,2011-08-02,4,5,8,0,0,6,7
11090,2011-08-05,3,9,0,1,3,6,1
11091,2011-08-07,7,3,1,4,8,6,9
11092,2011-08-09,4,1,6,4,2,5,7
11093,2011-08-12,9,5,9,2,4,5,3
11094,2011-08-14,8,9,6,0,7,9,5
11095,2011-08-16,4,4,2,0,5,9,1
11096,2011-08-19,8,9,9,8,3,8,2
11097,2011-08-21,1,5,2,6,5,8,7
11098,2011-08-23,0,0,9,5,6,0,3
11099,2011-08-26,1,1,0,7,4,7,5
11100,2011-08-28,9,7,6,7,7,1,1
11101,2011-08-30,6,0,1,2,9,5,6
11102,2011-09-02,4,3,5,4,1,1,0
11103,2011-09-04,2,8,4,9,2,9,6
11104,2011-09-06,1,1,4,9,1,3,2
11105,2011-09-09,5,7,2,7,1,7,2
11106,2011-09-11,5,3,3,6,6,9,6
11107,2011-09-13,4,5,4,3,3,9,8
11108,2011-09-16,4,2,6,1,7,2,6
11109,2011-09-18,0,2,0,9,8,3,7
11110,2011-09-20,8,7,4,1,5,9,1
11111,2011-09-23,6,6,1,5,7,0,1
11112,2011-09-25,5,4,1,3,9,2,5
11113,2011-09-27,6,2,2,7,8,7,8
11114,2011-09-30,5,9,7,1,5,4,5
11115,2011-10-02,2,1,3,1,5,3,5
11116,2011-10-04,0,0,2,5,1,7,9
11117,2011-10-07,1,1,7,4,8,2,7
11118,2011-10-09,7,4,3,0,6,9,4
11119,2011-10-11,5,9,1,0,5,4,7
11120,2011-10-14,4,3,2,8,3,2,7
11121,2011-10-16,9,2,1,5,4,7,1
11122,2011-10-18,2,1,5,6,0,6,0
11123,2011-10-21,9,8,5,1,3,2,4
11124,2011-10-23,8,2,3,4,9,4,3
11125,2011-10-25,1,5,2,2,1,6,6
11126,2011-10-28,9,1,8,3,8,6,1
11127,2011-10-30,4,0,7,0,3,7,7
11128,2011-11-01,0,6,8,5,0,0,8
11129,2011-11-04,6,8,2,5,9,8,9
11130,2011-11-06,6,4,1,7,7,8,6
11131,2011-11-08,0,2,0,4,9,7,2
11132,2011-11-11,9,6,6,3,3,6,3
11133,2011-11-13,7,2,5,2,1,5,6
11134,2011-11-15,7,9,6,0,3,5,3
11135,2011-11-18,2,1,5,2,6,1,3
11136,2011-11-20,4,2,6,0,2,8,2
11137,2011-11-22,9,0,1,2,9,8,7
11138,2011-11-25,7,4,2,7,0,8,8
11139,2011-11-27,6,6,3,6,2,4,4
11140,2011-11-29,1,9,5,8,7,2,5
11141,2011-12-02,1,2,9,2,0,5,9
11142,2011-12-04,6,5,7,2,6,5,3
11143,2011-12-06,3,6,3,5,6,4,4
11144,2011-12-09,4,8,3,1,9,0,5
11145,2011-12-11,2,6,7,5,7,0,6
11146,2011-12-13,6,9,3,9,4,0,2
11147,2011-12-16,0,0,5,4,3,2,2
11148,2011-12-18,5,5,4,4,2,0,7
11149,2011-12-20,7,0,7,7,5,2,1
11150,2011-12-23,1,5,2,5,8,9,2
11151,2011-12-25,4,1,5,8,3,6,1
11152,2011-12-27,9,3,1,9,6,7,4
11153,2011-12-30,4,0,9,2,5,0,2
12001,2012-01-01,5,0,6,0,9,9,8
12002,2012-01-03,6,9,7,3,5,8,3
12003,2012-01-06,0,5,2,7,3,1,4
12004,2012-01-08,4,4,3,3,6,1,2
12005,2012-01-10,6,8,5,7,0,7,6
12006,2012-01-13,8,0,7,9,4,9,5
12007,2012-01-15,8,2,5,0,9,0,4
12008,2012-01-17,9,0,6,7,7,3,8
12009,2012-01-20,7,8,0,7,9,0,9
12010,2012-01-29,0,0,6,4,5,4,0
12011,2012-01-31,2,5,6,2,7,6,1
12012,2012-02-03,1,1,8,1,8,4,0
12013,2012-02-05,1,0,1,1,0,6,7
12014,2012-02-07,3,4,6,5,1,6,0
12015,2012-02-10,5,4,7,5,7,3,2
12016,2012-02-12,5,2,5,7,1,4,5
12017,2012-02-14,2,3,5,0,4,5,8
12018,2012-02-17,8,3,3,6,5,1,3
12019,2012-02-19,8,1,2,8,1,3,9
12020,2012-02-21,7,3,6,1,5,7,4
12021,2012-02-24,1,0,5,2,3,2,3
12022,2012-02-26,9,6,4,3,2,9,8
12023,2012-02-28,9,3,8,9,0,6,5
12024,2012-03-02,5,2,1,5,3,8,5
12025,2012-03-04,5,5,9,2,9,0,0
12026,2012-03-06,8,0,5,9,8,1,5
12027,2012-03-09,1,2,6,3,8,8,9
12028,2012-03-11,5,4,8,9,7,2,4
12029,2012-03-13,5,7,6,0,1,1,9
12030,2012-03-16,2,1,2,0,4,3,3
12031,2012-03-18,1,6,3,8,4,7,0
12032,2012-03-20,0,7,6,7,7,1,2
12033,2012-03-23,0,7,7,3,8,2,7
12034,2012-03-25,3,1,3,2,7,4,1
12035,2012-03-27,1,0,2,2,3,6,4
12036,2012-03-30,0,9,3,2,2,8,1
12037,2012-04-01,7,7,4,7,7,6,1
12038,2012-04-03,6,0,0,1,4,9,9
12039,2012-04-06,4,4,6,5,9,0,3
12040,2012-04-08,5,2,2,1,1,9,3
12041,2012-04-10,0,4,5,6,6,0,8
12042,2012-04-13,0,7,1,4,2,6,2
12043,2012-04-15,0,2,1,7,3,9,9
12044,2012-04-17,4,3,7,7,3,8,7
12045,2012-04-20,5,8,8,2,7,1,3
12046,2012-04-22,4,8,2,6,8,2,7
12047,2012-04-24,8,7,4,6,8,3,4
12048,2012-04-27,3,9,5,4,2,7,1
12049,2012-04-29,6,8,5,6,3,1,6
12050,2012-05-01,9,7,7,1,0,0,6
12051,2012-05-04,8,8,1,6,7,9,9
12052,2012-05-06,5,1,2,0,3,5,4
12053,2012-05-08,9,6,6,1,5,0,0
12054,2012-05-11,2,0,7,2,2,5,5
12055,2012-05-13,7,7,5,1,3,4,4
12056,2012-05-15,0,1,7,9,5,3,7
12057,2012-05-18,9,8,8,7,2,1,2
12058,2012-05-20,7,8,2,0,7,6,9
12059,2012-05-22,0,4,1,1,0,8,8
12060,2012-05-25,3,0,4,4,4,7,0
12061,2012-05-27,7,1,6,8,6,9,8
12062,2012-05-29,9,2,0,4,2,0,5
12063,2012-06-01,7,0,3,7,5,3,1
12064,2012-06-03,6,9,3,5,5,6,5
12065,2012-06-05,4,2,3,7,5,8,0
12066,2012-06-08,1,5,2,5,0,2,3
12067,2012-06-10,4,8,8,6,5,5,8
12068,2012-06-12,5,8,7,7,2,1,0
12069,2012-06-15,7,7,2,5,1,8,5
12070,2012-06-17,8,8,9,8,0,9,4
12071,2012-06-19,0,6,6,8,6,8,8
12072,2012-06-22,5,1,1,9,7,8,0
12073,2012-06-24,1,5,7,6,9,5,0
12074,2012-06-26,5,3,0,7,2,7,5
12075,2012-06-29,7,3,4,9,3,8,3
12076,2012-07-01,5,4,9,2,2,9,3
12077,2012-07-03,7,4,1,9,0,2,9
12078,2012-07-06,6,9,2,0,3,9,2
12079,2012-07-08,3,5,9,4,6,4,8
12080,2012-07-10,1,1,2,7,4,3,4
12081,2012-07-13,2,3,8,8,7,1,0
12082,2012-07-15,5,2,7,9,1,6,3
12083,2012-07-17,2,1,4,8,2,9,5
12084,2012-07-20,3,1,3,0,9,9,2
12085,2012-07-22,4,6,9,2,1,6,0
12086,2012-07-24,9,2,0,7,9,3,8
12087,2012-07-27,9,3,0,2,4,9,1
12088,2012-07-29,8,4,6,3,8,0,2
12089,2012-07-31,1,5,7,1,1,4,9
12090,2012-08-03,7,6,2,1,1,6,1
12091,2012-08-05,2,4,4,2,9,3,6
12092,2012-08-07,4,9,7,3,6,4,7
12093,2012-08-10,6,2,6,1,8,9,1
12094,2012-08-12,0,6,7,4,8,6,3
12095,2012-08-14,6,3,0,4,7,5,3
12096,2012-08-17,3,6,2,6,2,5,7
12097,2012-08-19,2,7,1,5,0,4,9
12098,2012-08-21,5,4,8,8,5,9,6
12099,2012-08-24,7,1,0,0,5,2,5
12100,2012-08-26,7,0,5,2,9,2,4
12101,2012-08-28,3,4,6,2,1,1,5
12102,2012-08-31,8,7,6,6,3,5,8
12103,2012-09-02,2,9,9,9,3,3,5
12104,2012-09-04,5,7,0,0,3,9,5
12105,2012-09-07,4,8,5,5,6,0,5
12106,2012-09-09,8,5,3,2,2,3,0
12107,2012-09-11,1,1,8,1,4,7,0
12108,2012-09-14,6,1,1,8,0,5,3
12109,2012-09-16,5,1,6,3,9,5,5
12110,2012-09-18,6,2,3,9,5,5,3
12111,2012-09-21,5,8,4,7,9,9,0
12112,2012-09-23,8,3,7,9,5,3,7
12113,2012-09-25,2,1,2,6,0,3,5
12114,2012-09-28,1,0,0,4,6,1,4
12115,2012-09-30,9,7,0,1,3,9,1
12116,2012-10-02,8,3,6,1,2,1,2
12117,2012-10-05,4,2,6,3,7,2,8
12118,2012-10-07,2,6,9,5,6,9,2
12119,2012-10-09,9,3,9,9,5,4,0
12120,2012-10-12,2,6,9,2,3,8,5
12121,2012-10-14,0,1,8,7,5,3,5
12122,2012-10-16,0,2,2,8,7,1,0
12123,2012-10-19,0,9,6,1,4,4,1
12124,2012-10-21,3,9,6,1,4,4,8
12125,2012-10-23,2,8,4,8,3,5,9
12126,2012-10-26,1,7,8,4,9,8,3
12127,2012-10-28,8,0,2,8,4,5,2
12128,2012-10-30,4,4,8,4,6,8,2
12129,2012-11-02,6,2,1,8,0,5,9
12130,2012-11-04,9,6,6,9,2,5,7
12131,2012-11-06,6,0,1,2,1,5,1
12132,2012-11-09,1,4,4,0,3,4,8
12133,2012-11-11,1,7,4,6,1,8,0
12134,2012-11-13,4,2,8,2,9,3,0
12135,2012-11-16,8,6,3,5,3,5,4
12136,2012-11-18,4,9,2,7,8,6,2
12137,2012-11-20,5,4,6,0,7,8,7
12138,2012-11-23,9,0,0,8,1,5,2
12139,2012-11-25,6,3,6,2,0,0,5
12140,2012-11-27,2,5,1,8,1,5,0
12141,2012-11-30,1,7,8,5,9,0,7
12142,2012-12-02,0,9,8,3,2,2,2
12143,2012-12-04,4,9,9,1,2,5,7
12144,2012-12-07,0,3,9,0,6,0,1
12145,2012-12-09,9,1,4,0,6,7,8
12146,2012-12-11,9,1,1,7,2,7,3
12147,2012-12-14,4,9,4,9,0,0,7
12148,2012-12-16,0,6,7,7,2,1,5
12149,2012-12-18,0,9,5,5,3,3,8
12150,2012-12-21,9,2,4,0,2,0,6
12151,2012-12-23,4,8,1,8,3,3,8
12152,2012-12-25,1,5,7,8,3,6,6
12153,2012-12-28,4,7,4,1,0,0,5
12154,2012-12-30,9,7,1,2,3,4,2
13001,2013-01-01,3,5,1,1,9,3,3
13002,2013-01-04,0,1,7,5,5,3,4
13003,2013-01-06,8,0,0,7,1,2,6
13004,2013-01-08,7,4,4,0,5,1,8
13005,2013-01-11,2,5,3,4,5,7,7
13006,2013-01-13,1,8,3,8,2,7,4
13007,2013-01-15,6,6,1,5,2,1,5
13008,2013-01-18,4,4,8,8,0,3,7
13009,2013-01-20,3,1,6,0,3,5,9
13010,2013-01-22,8,6,7,2,7,7,1
13011,2013-01-25,8,4,0,5,5,0,7
13012,2013-01-27,1,0,5,3,4,6,2
13013,2013-01-29,6,5,8,1,1,3,0
13014,2013-02-01,9,3,4,1,5,4,5
13015,2013-02-03,3,3,6,6,7,6,4
13016,2013-02-05,2,0,6,5,9,2,8
13017,2013-02-08,7,9,2,9,4,9,3
13018,2013-02-17,9,2,8,1,5,7,1
13019,2013-02-19,9,9,5,7,7,2,4
13020,2013-02-22,5,3,5,3,9,4,6
13021,2013-02-24,4,1,1,0,3,8,8
13022,2013-02-26,8,0,5,3,7,9,2
13023,2013-03-01,4,1,0,7,7,4,9
13024,2013-03-03,8,9,2,6,3,6,1
13025,2013-03-05,9,7,0,8,9,9,6
13026,2013-03-08,0,0,4,2,7,7,5
13027,2013-03-10,1,3,8,0,8,7,1
13028,2013-03-12,9,6,6,8,6,4,6
13029,2013-03-15,9,2,4,5,8,8,8
13030,2013-03-17,4,7,7,7,2,1,6
13031,2013-03-19,2,7,4,9,3,7,5
13032,2013-03-22,6,9,4,7,4,2,3
13033,2013-03-24,5,1,0,2,0,9,3
13034,2013-03-26,6,6,8,8,4,5,9
13035,2013-03-29,2,7,1,3,0,3,7
13036,2013-03-31,8,7,3,0,1,0,1
13037,2013-04-02,9,8,9,7,1,9,8
13038,2013-04-05,9,9,4,4,5,5,8
13039,2013-04-07,7,4,8,7,2,9,5
13040,2013-04-09,8,1,1,9,3,4,9
13041,2013-04-12,7,3,1,9,4,4,8
13042,2013-04-14,9,8,9,1,5,3,9
13043,2013-04-16,5,4,6,1,1,3,6
13044,2013-04-19,1,4,1,4,1,4,8
13045,2013-04-21,8,7,0,0,3,9,3
13046,2013-04-23,5,2,2,4,5,9,6
13047,2013-04-26,8,9,7,2,6,4,7
13048,2013-04-28,3,6,4,5,9,4,1
13049,2013-04-30,1,1,3,3,9,3,6
13050,2013-05-03,9,2,5,4,0,8,1
13051,2013-05-05,9,8,9,0,2,0,4
13052,2013-05-07,1,0,8,2,4,7,0
13053,2013-05-10,1,5,5,8,1,8,9
13054,2013-05-12,3,5,8,9,0,0,7
13055,2013-05-14,3,5,3,9,6,8,9
13056,2013-05-17,2,9,1,9,6,3,5
13057,2013-05-19,7,0,5,7,4,4,2
13058,2013-05-21,7,6,4,5,2,2,5
13059,2013-05-24,7,6,9,7,2,8,5
13060,2013-05-26,0,0,2,4,0,0,6
13061,2013-05-28,7,8,9,1,3,8,3
13062,2013-05-31,7,4,2,2,9,1,2
13063,2013-06-02,0,6,9,3,4,1,5
13064,2013-06-04,7,2,9,8,7,0,6
13065,2013-06-07,5,8,4,1,4,4,6
13066,2013-06-09,0,2,6,6,8,8,1
13067,2013-06-11,0,5,4,3,7,7,0
13068,2013-06-14,5,4,5,2,8,9,3
13069,2013-06-16,3,6,1,1,0,0,8
13070,2013-06-18,9,5,2,0,3,9,3
13071,2013-06-21,4,5,9,4,7,7,1
13072,2013-06-23,2,0,8,8,6,3,5
13073,2013-06-25,8,8,6,6,0,7,8
13074,2013-06-28,2,0,4,0,2,8,8
13075,2013-06-30,9,5,6,8,4,3,3
13076,2013-07-02,5,2,0,9,5,0,1
13077,2013-07-05,7,9,1,5,5,4,4
13078,2013-07-07,7,1,6,5,2,4,8
13079,2013-07-09,1,7,8,9,2,6,5
13080,2013-07-12,2,8,1,4,2,6,8
13081,2013-07-14,4,6,0,5,5,5,5
13082,2013-07-16,6,0,8,0,1,4,8
13083,2013-07-19,7,7,4,6,8,5,5
13084,2013-07-21,1,9,3,5,2,3,3
13085,2013-07-23,4,6,6,1,4,3,1
13086,2013-07-26,1,9,7,0,9,8,3
13087,2013-07-28,3,0,2,2,3,9,6
13088,2013-07-30,9,3,2,9,8,4,0
13089,2013-08-02,7,7,6,1,3,2,2
13090,2013-08-04,3,2,3,7,1,0,1
13091,2013-08-06,3,7,4,6,1,9,2
13092,2013-08-09,5,7,4,8,0,4,5
13093,2013-08-11,8,9,4,8,2,6,2
13094,2013-08-13,2,2,0,9,8,6,1
13095,2013-08-16,4,2,9,4,2,8,0
13096,2013-08-18,2,6,2,5,2,6,0
13097,2013-08-20,4,7,8,4,7,8,7
13098,2013-08-23,1,7,2,8,4,0,1
13099,2013-08-25,0,5,9,6,7,7,6
13100,2013-08-27,9,8,4,1,6,2,0
13101,2013-08-30,5,9,1,3,5,0,2
13102,2013-09-01,6,2,0,0,7,1,4
13103,2013-09-03,3,5,6,4,4,0,7
13104,2013-09-06,1,4,3,8,8,6,4
13105,2013-09-08,6,3,7,4,8,6,2
13106,2013-09-10,8,2,1,6,8,1,7
13107,2013-09-13,9,1,8,5,6,5,4
13108,2013-09-15,1,9,5,9,6,2,4
13109,2013-09-17,2,8,7,6,5,7,8
13110,2013-09-20,4,0,9,8,2,5,2
13111,2013-09-22,8,5,9,5,7,3,3
13112,2013-09-24,6,3,0,7,3,1,8
13113,2013-09-27,4,1,4,5,6,5,1
13114,2013-09-29,0,7,3,7,1,4,8
13115,2013-10-01,7,5,4,7,4,1,2
13116,2013-10-04,8,8,6,4,8,6,8
13117,2013-10-06,7,0,1,8,9,0,6
13118,2013-10-08,7,5,5,2,2,7,2
13119,2013-10-11,5,1,2,3,6,4,1
13120,2013-10-13,6,2,8,7,9,2,5
13121,2013-10-15,6,5,1,4,6,3,5
13122,2013-10-18,8,0,9,7,4,2,3
13123,2013-10-20,9,1,6,2,2,5,1
13124,2013-10-22,9,9,9,5,1,6,9
13125,2013-10-25,2,1,2,3,0,7,1
13126,2013-10-27,5,7,6,7,1,4,9
13127,2013-10-29,3,9,2,0,1,5,9
13128,2013-11-01,0,3,3,7,3,4,5
13129,2013-11-03,3,9,2,6,5,5,8
13130,2013-11-05,9,3,3,4,8,3,4
13131,2013-11-08,8,8,1,6,9,9,6
13132,2013-11-10,5,8,3,8,2,9,0
13133,2013-11-12,5,5,1,2,3,8,9
13134,2013-11-15,6,1,7,3,1,8,5
13135,2013-11-17,8,4,8,4,0,1,9
13136,2013-11-19,2,3,5,6,8,9,5
13137,2013-11-22,4,0,5,7,8,3,1
13138,2013-11-24,9,1,4,8,4,3,0
13139,2013-11-26,2,2,3,8,5,3,2
13140,2013-11-29,4,3,3,9,4,7,5
13141,2013-12-01,8,2,0,7,4,6,7
13142,2013-12-03,8,1,3,7,2,5,2
13143,2013-12-06,5,1,0,7,8,0,7
13144,2013-12-08,2,0,0,6,0,4,9
13145,2013-12-10,5,4,3,1,8,8,5
13146,2013-12-13,2,1,1,2,9,9,8
13147,2013-12-15,9,3,3,2,6,1,7
13148,2013-12-17,3,5,8,8,8,6,6
13149,2013-12-20,4,6,2,0,4,2,4
13150,2013-12-22,8,3,8,6,6,2,6
13151,2013-12-24,1,3,8,5,4,7,5
13152,2013-12-27,9,8,1,0,1,6,8
13153,2013-12-29,1,4,2,0,7,3,1
13154,2013-12-31,5,2,2,9,3,8,0
14001,2014-01-03,8,5,8,4,5,3,1
14002,2014-01-05,7,4,6,8,8,9,4
14003,2014-01-07,4,9,5,6,1,7,5
14004,2014-01-10,6,9,4,2,1,9,5
14005,2014-01-12,4,2,5,9,2,6,4
14006,2014-01-14,1,7,1,2,0,5,6
14007,2014-01-17,9,9,4,5,7,6,2
14008,2014-01-19,1,9,5,7,4,2,5
14009,2014-01-21,7,9,1,2,0,9,6
14010,2014-01-24,5,4,2,1,2,1,2
14011,2014-01-26,6,0,6,0,2,6,5
14012,2014-01-28,7,7,5,3,5,1,0
14013,2014-02-07,2,3,8,3,5,6,3
14014,2014-02-09,9,5,0,6,7,7,6
14015,2014-02-11,1,5,8,3,6,3,1
14016,2014-02-14,6,8,7,8,8,8,3
14017,2014-02-16,8,1,8,6,1,9,6
14018,2014-02-18,9,7,6,3,0,1,4
14019,2014-02-21,1,3,6,0,1,4,5
14020,2014-02-23,8,0,7,5,4,2,5
14021,2014-02-25,2,0,8,9,7,3,8
14022,2014-02-28,3,3,9,3,4,2,6
14023,2014-03-02,5,5,6,1,3,5,7
14024,2014-03-04,7,2,1,3,2,0,8
14025,2014-03-07,6,6,3,6,4,2,8
14026,2014-03-09,8,8,6,9,0,8,8
14027,2014-03-11,5,0,6,5,4,8,6
14028,2014-03-14,8,0,7,9,4,0,1
14029,2014-03-16,4,0,6,6,3,6,0
14030,2014-03-18,3,8,2,1,0,1,7
14031,2014-03-21,4,8,8,2,9,1,8
14032,2014-03-23,4,7,3,8,0,5,0
14033,2014-03-25,3,0,6,3,8,1,1
14034,2014-03-28,4,5,6,3,8,4,0
14035,2014-03-30,3,7,4,5,4,8,2
14036,2014-04-01,9,3,8,3,5,2,6
14037,2014-04-04,1,2,6,4,2,0,7
14038,2014-04-06,0,8,1,3,8,1,2
14039,2014-04-08,3,7,3,4,6,0,6
14040,2014-04-11,5,8,9,7,6,4,3
14041,2014-04-13,9,9,0,2,5,0,3
14042,2014-04-15,6,8,2,8,8,4,3
14043,2014-04-18,7,9,0,0,6,2,4
14044,2014-04-20,0,1,0,3,6,3,8
14045,2014-04-22,9,0,2,9,1,5,3
14046,2014-04-25,9,7,8,6,7,7,7
14047,2014-04-27,4,5,2,5,1,9,2
14048,2014-04-29,4,6,1,9,2,8,8
14049,2014-05-02,6,3,1,5,0,8,9
14050,2014-05-04,0,9,0,7,9,4,1
14051,2014-05-06,9,8,8,8,5,0,0
14052,2014-05-09,3,1,0,3,2,3,6
14053,2014-05-11,2,8,8,7,6,8,8
14054,2014-05-13,0,8,5,4,7,0,2
14055,2014-05-16,5,8,8,0,3,1,7
14056,2014-05-18,5,9,1,1,4,1,6
14057,2014-05-20,9,6,5,4,4,4,2
14058,2014-05-23,7,1,2,8,6,7,4
14059,2014-05-25,5,1,0,7,1,3,8
14060,2014-05-27,1,5,9,5,2,1,7
14061,2014-05-30,9,9,1,1,7,2,4
14062,2014-06-01,1,3,4,2,3,4,0
14063,2014-06-03,5,8,8,6,2,3,4
14064,2014-06-06,6,3,5,1,9,1,2
14065,2014-06-08,9,0,3,8,2,1,4
14066,2014-06-10,9,5,7,9,3,4,8
14067,2014-06-13,0,4,6,9,3,2,2
14068,2014-06-15,9,0,2,5,9,2,2
14069,2014-06-17,9,8,2,5,0,0,6
14070,2014-06-20,4,9,5,0,4,6,3
14071,2014-06-22,0,6,1,7,9,2,1
14072,2014-06-24,8,7,5,6,9,2,2
14073,2014-06-27,0,2,7,8,0,7,7
14074,2014-06-29,9,5,9,7,7,7,9
14075,2014-07-01,5,5,0,5,0,2,8
14076,2014-07-04,2,9,5,2,4,7,4
14077,2014-07-06,5,1,6,4,8,8,8
14078,2014-07-08,1,7,5,3,3,9,1
14079,2014-07-11,6,0,1,8,1,1,3
14080,2014-07-13,6,3,2,2,5,9,2
14081,2014-07-15,2,4,4,8,9,3,1
14082,2014-07-18,7,2,5,1,3,7,7
14083,2014-07-20,2,6,5,9,8,5,5
14084,2014-07-22,6,5,8,6,7,7,3
14085,2014-07-25,9,1,4,7,7,4,3
14086,2014-07-27,4,6,8,4,9,0,9
14087,2014-07-29,1,1,8,9,1,0,1
14088,2014-08-01,5,3,4,0,5,7,8
14089,2014-08-03,1,3,9,9,5,8,2
14090,2014-08-05,4,8,7,6,3,5,7
14091,2014-08-08,0,0,4,5,8,2,2
14092,2014-08-10,6,1,1,6,0,7,7
14093,2014-08-12,6,8,7,1,4,1,6
14094,2014-08-15,2,8,3,9,9,5,3
14095,2014-08-17,6,6,5,8,8,9,6
14096,2014-08-19,8,7,1,6,1,0,3
14097,2014-08-22,0,9,1,7,1,2,6
14098,2014-08-24,8,6,9,0,3,5,5
14099,2014-08-26,3,1,1,7,9,6,1
14100,2014-08-29,2,5,5,4,4,0,7
14101,2014-08-31,1,7,8,9,1,2,1
14102,2014-09-02,9,7,9,6,3,9,7
14103,2014-09-05,2,9,3,7,5,8,7
14104,2014-09-07,7,3,5,0,1,9,6
14105,2014-09-09,8,7,6,6,5,8,9
14106,2014-09-12,2,2,2,7,7,3,7
14107,2014-09-14,4,2,1,6,6,5,1
14108,2014-09-16,1,6,3,7,0,4,1
14109,2014-09-19,3,6,9,6,0,2,9
14110,2014-09-21,7,0,5,0,2,1,6
14111,2014-09-23,6,0,4,8,3,2,4
14112,2014-09-26,9,2,7,4,8,1,7
14113,2014-09-28,8,2,0,9,0,2,1
14114,2014-09-30,5,4,4,4,8,6,0
14115,2014-10-03,8,6,4,3,4,2,8
14116,2014-10-05,1,7,5,2,0,3,3
14117,2014-10-07,6,2,2,6,4,3,4
14118,2014-10-10,1,8,8,8,5,9,7
14119,2014-10-12,9,1,8,3,1,9,5
14120,2014-10-14,2,5,6,6,8,8,2
14121,2014-10-17,6,6,7,4,2,4,5
14122,2014-10-19,6,7,7,2,5,7,6
14123,2014-10-21,3,1,7,0,0,3,6
14124,2014-10-24,0,8,9,1,8,9,2
14125,2014-10-26,5,6,1,6,4,5,9
14126,2014-10-28,9,5,4,1,6,5,4
14127,2014-10-31,1,9,7,2,4,1,6
14128,2014-11-02,1,2,0,7,9,8,0
14129,2014-11-04,6,6,7,5,5,6,3
14130,2014-11-07,3,8,5,6,4,1,8
14131,2014-11-09,6,0,0,6,3,7,2
14132,2014-11-11,6,7,2,6,3,6,7
14133,2014-11-14,5,7,5,7,9,0,2
14134,2014-11-16,8,6,0,1,2,1,5
14135,2014-11-18,6,6,0,0,5,3,4
14136,2014-11-21,7,2,9,0,7,7,2
14137,2014-11-23,8,2,8,3,0,2,0
14138,2014-11-25,3,2,5,3,7,2,9
14139,2014-11-28,4,4,2,1,1,6,5
14140,2014-11-30,7,9,2,8,5,6,7
14141,2014-12-02,1,8,8,1,3,5,1
14142,2014-12-05,9,2,1,9,2,3,8
14143,2014-12-07,5,8,0,0,9,5,6
14144,2014-12-09,8,5,8,8,8,1,2
14145,2014-12-12,9,7,3,7,0,4,5
14146,2014-12-14,1,1,2,3,3,0,2
14147,2014-12-16,2,4,0,5,4,1,2
14148,2014-12-19,4,9,5,9,4,9,3
14149,2014-12-21,3,7,9,7,1,5,8
14150,2014-12-23,5,8,6,8,3,3,5
14151,2014-12-26,1,9,5,7,5,5,4
14152,2014-12-28,5,6,9,3,0,4,9
14153,2014-12-30,9,4,5,3,5,2,3
15001,2015-01-02,9,8,4,4,0,2,4
15002,2015-01-04,6,1,5,7,0,3,0
15003,2015-01-06,6,8,2,3,0,0,7
15004,2015-01-09,7,1,9,1,3,8,1
15005,2015-01-11,1,5,4,8,5,5,5
15006,2015-01-13,4,8,5,7,4,8,2
15007,2015-01-16,3,8,1,8,0,8,3
15008,2015-01-18,7,9,0,6,4,0,8
15009,2015-01-20,2,9,9,2,0,2,1
15010,2015-01-23,1,5,7,9,2,5,7
15011,2015-01-25,4,5,9,5,9,9,9
15012,2015-01-27,0,3,4,7,4,0,8
15013,2015-01-30,7,3,6,8,2,1,9
15014,2015-02-01,3,2,1,6,9,4,1
15015,2015-02-03,9,8,8,9,2,5,3
15016,2015-02-06,5,9,9,0,9,9,7
15017,2015-02-08,4,2,7,8,5,8,2
15018,2015-02-10,6,4,5,3,4,3,4
15019,2015-02-13,9,2,9,0,9,9,4
15020,2015-02-15,6,1,3,9,9,9,7
15021,2015-02-17,4,6,5,4,3,9,7
15022,2015-02-27,1,6,1,9,5,5,7
15023,2015-03-01,3,7,2,6,0,4,3
15024,2015-03-03,6,4,6,7,7,1,2
15025,2015-03-06,2,5,6,8,4,6,4
15026,2015-03-08,8,0,5,0,5,0,4
15027,2015-03-10,6,8,1,1,4,6,0
15028,2015-03-13,1,4,7,6,0,5,1
15029,2015-03-15,0,4,9,4,5,6,7
15030,2015-03-17,9,5,7,1,7,8,2
15031,2015-03-20,5,7,8,3,7,1,7
15032,2015-03-22,4,9,8,4,1,5,5
15033,2015-03-24,9,0,2,1,6,7,8
15034,2015-03-27,7,5,6,4,4,8,7
15035,2015-03-29,0,5,0,6,6,5,1
15036,2015-03-31,0,6,2,3,2,5,2
15037,2015-04-03,9,5,1,6,3,1,5
15038,2015-04-05,6,4,7,3,1,7,6
15039,2015-04-07,5,9,9,6,3,6,4
15040,2015-04-10,7,0,6,5,9,6,4
15041,2015-04-12,4,7,4,2,0,7,8
15042,2015-04-14,0,5,7,8,4,7,7
15043,2015-04-17,9,7,9,6,0,9,1
15044,2015-04-19,0,2,8,4,3,0,4
15045,2015-04-21,9,6,6,5,5,5,7
15046,2015-04-24,8,4,5,6,7,2,8
15047,2015-04-26,7,2,4,2,9,7,6
15048,2015-04-28,6,4,5,1,7,7,8
15049,2015-05-01,0,2,5,2,1,3,6
15050,2015-05-03,2,8,4,6,3,7,1
15051,2015-05-05,7,3,3,8,1,1,8
15052,2015-05-08,9,0,3,8,2,2,5
15053,2015-05-10,8,3,1,0,4,1,4
15054,2015-05-12,7,3,4,5,2,6,9
15055,2015-05-15,5,2,0,5,8,9,1
15056,2015-05-17,6,9,2,8,9,2,3
15057,2015-05-19,9,2,3,8,6,9,0
15058,2015-05-22,8,7,6,5,0,3,3
15059,2015-05-24,9,9,0,3,9,7,4
15060,2015-05-26,0,3,1,5,4,3,5
15061,2015-05-29,5,6,7,8,4,9,2
15062,2015-05-31,6,7,2,5,3,1,2
15063,2015-06-02,4,5,2,8,4,9,8
15064,2015-06-05,8,1,0,2,2,5,4
15065,2015-06-07,4,4,1,1,0,2,5
15066,2015-06-09,5,2,2,7,0,5,5
15067,2015-06-12,5,9,1,9,1,1,8
15068,2015-06-14,7,9,8,7,2,0,7
15069,2015-06-16,4,2,7,0,3,3,9
15070,2015-06-19,3,1,8,6,5,6,0
15071,2015-06-21,4,2,9,5,5,3,9
15072,2015-06-23,0,0,0,0,3,9,7
15073,2015-06-26,5,1,3,5,4,0,0
15074,2015-06-28,5,5,7,6,8,6,6
15075,2015-06-30,2,3,4,7,7,1,5
15076,2015-07-03,0,4,0,8,0,1,6
15077,2015-07-05,1,9,8,1,5,8,0
15078,2015-07-07,5,8,3,8,0,4,5
15079,2015-07-10,9,8,6,2,2,6,6
15080,2015-07-12,1,0,5,7,8,1,1
15081,2015-07-14,7,1,6,8,1,0,7
15082,2015-07-17,8,5,7,5,5,5,4
15083,2015-07-19,8,2,6,4,3,9,4
15084,2015-07-21,3,8,6,3,8,3,6
15085,2015-07-24,0,6,6,7,2,8,3
15086,2015-07-26,8,1,3,5,1,6,3
15087,2015-07-28,4,3,3,0,1,9,4
15088,2015-07-31,3,9,1,2,6,5,0
15089,2015-08-02,9,6,2,7,6,0,8
15090,2015-08-04,0,8,7,1,8,0,9
15091,2015-08-07,6,1,2,1,8,6,5
15092,2015-08-09,0,7,8,0,3,6,6
15093,2015-08-11,6,0,0,5,9,6,8
15094,2015-08-14,6,6,3,8,2,4,3
15095,2015-08-16,0,6,6,9,0,6,1
15096,2015-08-18,3,9,0,2,2,5,2
15097,2015-08-21,4,1,8,5,8,9,3
15098,2015-08-23,7,7,7,2,3,9,6
15099,2015-08-25,2,3,8,4,7,8,6
15100,2015-08-28,1,3,2,5,2,6,1
15101,2015-08-30,9,4,6,5,8,6,1
15102,2015-09-01,1,5,2,7,7,7,3
15103,2015-09-04,2,3,6,1,7,6,2
15104,2015-09-06,7,1,1,5,0,5,8
15105,2015-09-08,4,9,3,0,8,3,4
15106,2015-09-11,1,0,8,4,3,8,2
15107,2015-09-13,5,2,9,3,4,7,6
15108,2015-09-15,6,5,5,6,7,4,8
15109,2015-09-18,4,9,6,0,4,2,0
15110,2015-09-20,3,3,2,4,4,9,8
15111,2015-09-22,8,7,4,6,3,9,6
15112,2015-09-25,5,2,1,7,7,0,9
15113,2015-09-27,2,5,2,7,9,2,7
15114,2015-09-29,4,6,2,2,3,3,6
15115,2015-10-02,9,3,8,5,0,6,5
15116,2015-10-04,4,1,0,8,4,8,5
15117,2015-10-06,1,4,3,9,6,2,5
15118,2015-10-09,5,4,0,3,8,1,4
15119,2015-10-11,6,1,6,6,5,8,3
15120,2015-10-13,6,2,5,9,8,4,6
15121,2015-10-16,9,6,4,0,8,7,0
15122,2015-10-18,8,6,3,2,4,9,9
15123,2015-10-20,4,8,5,7,1,1,9
15124,2015-10-23,7,7,5,9,8,9,0
15125,2015-10-25,5,4,8,5,5,6,8
15126,2015-10-27,2,8,3,9,0,2,7
15127,2015-10-30,5,3,4,1,4,9,8
15128,2015-11-01,1,4,2,5,6,7,7
15129,2015-11-03,6,7,1,7,2,8,9
15130,2015-11-06,8,0,9,9,9,3,1
15131,2015-11-08,7,2,2,4,4,4,7
15132,2015-11-10,3,4,6,2,5,0,2
15133,2015-11-13,8,1,2,5,1,7,7
15134,2015-11-15,3,9,7,0,2,7,8
15135,2015-11-17,3,3,6,2,3,0,3
15136,2015-11-20,9,7,3,3,4,6,9
15137,2015-11-22,3,7,9,4,7,0,6
15138,2015-11-24,5,6,8,4,1,7,7
15139,2015-11-27,0,7,6,7,0,2,7
15140,2015-11-29,3,5,8,5,5,5,4
15141,2015-12-01,3,4,8,5,7,1,0
15142,2015-12-04,2,9,4,2,4,5,8
15143,2015-12-06,9,8,2,8,2,8,6
15144,2015-12-08,4,6,8,4,1,4,3
15145,2015-12-11,2,5,4,4,4,9,6
15146,2015-12-13,2,0,8,2,1,9,0
15147,2015-12-15,4,9,4,3,9,8,9
15148,2015-12-18,7,3,7,9,8,8,9
15149,2015-12-20,5,0,1,4,0,7,1
15150,2015-12-22,9,0,4,3,3,6,6
15151,2015-12-25,4,3,8,7,9,1,9
15152,2015-12-27,3,3,9,2,0,7,5
15153,2015-12-29,7,9,7,2,0,1,3
16001,2016-01-01,8,9,3,0,8,0,9
16002,2016-01-03,0,2,6,2,5,3,0
16003,2016-01-05,5,4,2,1,7,4,4
16004,2016-01-08,8,4,8,1,0,6,0
16005,2016-01-10,5,9,6,6,1,8,3
16006,2016-01-12,6,1,5,7,5,2,3
16007,2016-01-15,9,9,4,0,8,3,5
16008,2016-01-17,6,8,1,1,8,3,8
16009,2016-01-19,9,3,3,9,5,7,2
16010,2016-01-22,8,6,8,7,2,2,9
16011,2016-01-24,2,3,8,3,1,6,2
16012,2016-01-26,6,6,3,6,6,0,6
16013,2016-01-29,8,3,1,5,0,4,7
16014,2016-01-31,4,4,6,0,1,9,9
16015,2016-02-02,3,8,1,3,3,1,8
16016,2016-02-05,6,6,7,2,3,6,1
16017,2016-02-14,4,1,3,6,6,6,4
16018,2016-02-16,7,9,8,1,2,7,3
16019,2016-02-19,4,9,8,4,2,7,9
16020,2016-02-21,5,5,8,2,6,3,7
16021,2016-02-23,1,2,8,8,5,1,3
16022,2016-02-26,4,3,0,1,1,9,7
16023,2016-02-28,7,4,6,2,6,4,3
16024,2016-03-01,8,7,4,5,5,5,6
16025,2016-03-04,8,8,8,2,3,8,9
16026,2016-03-06,9,3,6,1,1,8,6
16027,2016-03-08,6,8,2,5,9,8,2
16028,2016-03-11,7,9,3,6,0,2,5
16029,2016-03-13,1,5,7,9,1,6,2
16030,2016-03-15,4,4,1,1,7,2,1
16031,2016-03-18,5,0,3,0,2,3,3
16032,2016-03-20,0,5,6,3,4,3,5
16033,2016-03-22,6,7,9,1,6,8,0
16034,2016-03-25,5,1,0,0,5,2,4
16035,2016-03-27,8,4,8,7,9,2,8
16036,2016-03-29,6,6,1,8,6,7,0
16037,2016-04-01,9,4,9,4,3,0,4
16038,2016-04-03,2,8,1,7,1,1,1
16039,2016-04-05,9,1,1,9,1,3,9
16040,2016-04-08,6,0,8,4,6,1,5
16041,2016-04-10,6,2,6,2,3,3,3
16042,2016-04-12,6,4,0,1,1,4,1
16043,2016-04-15,3,9,0,7,5,0,2
16044,2016-04-17,5,3,9,9,9,7,1
16045,2016-04-19,2,8,1,0,5,7,6
16046,2016-04-22,9,9,6,2,8,6,5
16047,2016-04-24,2,9,8,8,8,4,1
16048,2016-04-26,7,8,9,9,8,6,4
16049,2016-04-29,2,5,6,0,0,7,2
16050,2016-05-01,4,6,0,9,2,3,6
16051,2016-05-03,0,2,8,6,2,4,6
16052,2016-05-06,2,2,8,7,4,4,9
16053,2016-05-08,0,1,6,3,6,9,6
16054,2016-05-10,6,2,4,0,8,1,3
16055,2016-05-13,0,4,6,8,0,8,0
16056,2016-05-15,1,5,1,0,9,9,6
16057,2016-05-17,8,6,8,6,7,0,9
16058,2016-05-20,6,9,5,6,8,8,1
16059,2016-05-22,1,3,4,6,1,7,4
16060,2016-05-24,8,2,5,3,3,1,3
16061,2016-05-27,1,2,9,2,9,9,0
16062,2016-05-29,4,2,0,2,8,1,5
16063,2016-05-31,0,8,6,1,0,1,5
16064,2016-06-03,8,3,0,7,8,9,0
16065,2016-06-05,3,7,4,5,4,8,1
16066,2016-06-07,6,5,6,0,6,1,2
16067,2016-06-10,1,1,2,3,0,9,5
16068,2016-06-12,0,7,0,0,2,7,8
16069,2016-06-14,3,4,3,8,4,5,0
16070,2016-06-17,8,4,2,7,5,3,5
16071,2016-06-19,6,6,0,9,2,0,3
16072,2016-06-21,9,1,7,9,6,0,0
16073,2016-06-24,0,4,6,7,3,2,5
16074,2016-06-26,8,8,3,0,2,5,8
16075,2016-06-28,6,7,7,6,1,3,9
16076,2016-07-01,6,1,5,9,7,4,0
16077,2016-07-03,1,8,8,6,0,1,1
16078,2016-07-05,3,3,5,5,3,7,1
16079,2016-07-08,3,1,8,7,9,1,2
16080,2016-07-10,2,0,2,8,5,0,4
16081,2016-07-12,4,2,3,2,4,5,1
16082,2016-07-15,2,6,6,3,4,8,1
16083,2016-07-17,4,1,9,2,0,0,0
16084,2016-07-19,5,6,6,6,0,4,3
16085,2016-07-22,0,4,1,1,7,0,7
16086,2016-07-24,8,8,2,7,5,1,2
16087,2016-07-26,8,3,8,8,6,4,7
16088,2016-07-29,4,9,6,2,8,7,4
16089,2016-07-31,9,8,2,2,8,3,1
16090,2016-08-02,0,2,5,1,1,2,1
16091,2016-08-05,2,3,8,4,9,3,1
16092,2016-08-07,6,1,4,4,3,2,5
16093,2016-08-09,5,9,7,9,8,2,1
16094,2016-08-12,8,5,2,9,1,3,5
16095,2016-08-14,6,8,6,3,3,2,0
16096,2016-08-16,5,6,2,0,7,6,1
16097,2016-08-19,4,1,5,2,5,3,7
16098,2016-08-21,5,2,7,4,2,3,1
16099,2016-08-23,7,3,9,9,7,0,8
16100,2016-08-26,5,8,0,9,4,4,5
16101,2016-08-28,7,3,7,0,0,4,3
16102,2016-08-30,3,1,5,1,0,6,3
16103,2016-09-02,7,0,8,6,3,7,1
16104,2016-09-04,8,6,1,7,8,5,3
16105,2016-09-06,4,0,1,5,0,9,8
16106,2016-09-09,0,5,1,4,7,6,0
16107,2016-09-11,0,5,8,2,6,4,1
16108,2016-09-13,1,5,2,2,9,0,0
16109,2016-09-16,1,7,2,9,6,9,0
16110,2016-09-18,9,5,3,8,2,7,1
16111,2016-09-20,7,3,7,9,1,2,8
16112,2016-09-23,9,1,3,4,7,7,9
16113,2016-09-25,3,6,8,1,4,3,1
16114,2016-09-27,5,1,7,1,2,7,8
16115,2016-09-30,1,1,2,7,3,3,3
16116,2016-10-02,2,8,9,7,8,6,1
16117,2016-10-04,9,7,9,8,8,2,8
16118,2016-10-07,0,1,1,1,6,1,3
16119,2016-10-09,6,2,5,1,2,6,0
16120,2016-10-11,4,0,4,4,4,1,6
16121,2016-10-14,4,9,2,6,3,1,9
16122,2016-10-16,5,9,4,1,0,5,3
16123,2016-10-18,6,5,2,1,9,7,7
16124,2016-10-21,9,6,7,3,7,6,3
16125,2016-10-23,3,9,8,0,2,9,1
16126,2016-10-25,5,0,8,5,2,3,6
16127,2016-10-28,1,6,1,9,3,8,1
16128,2016-10-30,8,6,5,3,3,1,4
16129,2016-11-01,9,1,8,1,2,0,9
16130,2016-11-04,2,6,2,0,1,3,3
16131,2016-11-06,7,3,0,4,3,7,5
16132,2016-11-08,5,2,7,0,8,9,4
16133,2016-11-11,7,4,1,3,3,7,5
16134,2016-11-13,3,4,0,1,8,6,1
16135,2016-11-15,0,4,0,7,2,6,0
16136,2016-11-18,2,5,0,2,0,8,7
16137,2016-11-20,7,6,9,4,0,4,3
16138,2016-11-22,6,8,7,0,3,3,7
16139,2016-11-25,4,6,3,3,4,6,9
16140,2016-11-27,8,7,2,5,2,9,8
16141,2016-11-29,1,2,9,5,1,9,1
16142,2016-12-02,7,0,7,2,8,0,1
16143,2016-12-04,6,1,7,1,9,5,2
16144,2016-12-06,0,5,4,7,1,8,6
16145,2016-12-09,7,3,1,3,0,2,1
16146,2016-12-11,0,5,8,2,0,0,2
16147,2016-12-13,4,7,5,2,8,7,7
16148,2016-12-16,8,7,2,5,6,0,3
16149,2016-12-18,0,0,6,1,7,5,5
16150,2016-12-20,1,0,8,9,5,1,1
16151,2016-12-23,1,6,9,2,4,9,1
16152,2016-12-25,3,5,1,3,3,0,0
16153,2016-12-27,1,3,8,3,6,2,5
16154,2016-12-30,0,5,1,4,4,9,1
17001,2017-01-01,2,5,3,5,3,8,9
17002,2017-01-03,4,8,7,8,7,6,1
17003,2017-01-06,6,3,8,7,4,8,5
17004,2017-01-08,5,2,9,6,8,6,4
17005,2017-01-10,3,8,4,7,1,1,6
17006,2017-01-13,2,0,9,0,9,0,6
17007,2017-01-15,8,8,2,7,2,7,6
17008,2017-01-17,1,0,0,0,2,3,4
17009,2017-01-20,2,0,0,9,1,0,9
17010,2017-01-22,0,9,7,1,8,2,1
17011,2017-01-24,0,6,0,7,4,7,4
17012,2017-02-03,7,7,7,6,8,5,2
17013,2017-02-05,9,3,9,4,8,0,8
17014,2017-02-07,3,8,2,4,9,7,0
17015,2017-02-10,9,4,1,1,6,6,8
17016,2017-02-12,2,4,6,6,1,4,0
17017,2017-02-14,9,3,2,1,1,9,0
17018,2017-02-17,4,2,4,5,6,2,7
17019,2017-02-19,1,1,2,7,8,0,4
17020,2017-02-21,6,1,8,8,9,0,0
17021,2017-02-24,1,7,2,9,2,9,1
17022,2017-02-26,8,7,8,3,7,3,5
17023,2017-02-28,3,2,0,9,1,6,9
17024,2017-03-03,3,1,6,8,6,6,8
17025,2017-03-05,8,8,9,8,0,5,7
17026,2017-03-07,2,0,3,8,8,5,2
17027,2017-03-10,3,4,5,8,0,4,8
17028,2017-03-12,2,2,7,1,8,8,3
17029,2017-03-14,3,9,6,0,6,1,2
17030,2017-03-17,1,1,3,7,8,9,7
17031,2017-03-19,4,4,6,0,5,2,0
17032,2017-03-21,3,1,0,6,1,1,4
17033,2017-03-24,5,1,1,8,3,2,0
17034,2017-03-26,2,2,7,3,6,5,2
17035,2017-03-28,3,5,2,5,7,6,8
17036,2017-03-31,6,2,7,4,0,2,6
17037,2017-04-02,3,2,6,5,9,3,7
17038,2017-04-04,4,5,1,5,4,4,6
17039,2017-04-07,1,0,2,1,5,2,0
17040,2017-04-09,4,2,8,6,0,7,5
17041,2017-04-11,5,5,6,9,6,1,9
17042,2017-04-14,6,6,8,4,6,8,0
17043,2017-04-16,2,2,5,5,7,8,7
17044,2017-04-18,9,6,8,7,1,8,9
17045,2017-04-21,1,9,4,0,0,5,8
17046,2017-04-23,2,5,1,6,5,2,9
17047,2017-04-25,3,9,0,3,7,5,4
17048,2017-04-28,6,0,6,7,7,2,9
17049,2017-04-30,8,0,8,1,5,9,8
17050,2017-05-02,2,5,3,6,3,0,8
17051,2017-05-05,0,1,3,6,4,9,5
17052,2017-05-07,3,3,5,1,8,8,5
17053,2017-05-09,6,6,6,6,4,5,8
17054,2017-05-12,2,6,3,9,8,0,1
17055,2017-05-14,2,4,5,1,9,4,4
17056,2017-05-16,1,8,1,4,0,1,4
17057,2017-05-19,9,9,5,1,0,4,2
17058,2017-05-21,5,0,5,4,4,1,4
17059,2017-05-23,9,8,2,5,2,5,5
17060,2017-05-26,1,7,7,6,3,4,5
17061,2017-05-28,6,5,6,7,8,0,7
17062,2017-05-30,4,9,6,1,5,2,5
17063,2017-06-02,9,0,7,8,6,9,3
17064,2017-06-04,5,5,5,0,0,8,2
17065,2017-06-06,6,6,0,9,8,8,7
17066,2017-06-09,4,5,6,0,7,8,9
17067,2017-06-11,0,0,3,0,7,9,3
17068,2017-06-13,3,6,3,5,3,1,8
17069,2017-06-16,1,2,2,5,9,6,8
17070,2017-06-18,4,7,7,7,0,0,7
17071,2017-06-20,3,4,2,7,0,7,1
17072,2017-06-23,5,5,9,1,6,7,4
17073,2017-06-25,7,2,3,0,0,2,4
17074,2017-06-27,6,3,7,5,0,6,2
17075,2017-06-30,3,3,2,3,5,0,1
17076,2017-07-02,2,2,9,4,8,1,9
17077,2017-07-04,2,4,2,3,6,9,9
17078,2017-07-07,5,3,1,1,9,0,0
17079,2017-07-09,6,0,9,6,8,8,1
17080,2017-07-11,4,3,8,9,2,4,4
17081,2017-07-14,6,7,4,5,0,8,2
17082,2017-07-16,1,3,6,2,0,9,8
17083,2017-07-18,2,3,6,0,7,5,0
17084,2017-07-21,2,2,8,5,6,0,6
17085,2017-07-23,4,9,5,8,7,4,6
17086,2017-07-25,4,1,7,4,2,6,6
17087,2017-07-28,8,1,5,5,1,8,7
17088,2017-07-30,5,8,2,7,8,3,8
17089,2017-08-01,3,2,1,9,5,3,5
17090,2017-08-04,6,2,0,5,4,0,7
17091,2017-08-06,0,6,2,6,9,5,9
17092,2017-08-08,1,2,8,5,8,4,4
17093,2017-08-11,1,5,8,7,8,1,9
17094,2017-08-13,2,7,0,6,3,2,8
17095,2017-08-15,6,8,5,6,9,6,7
17096,2017-08-18,9,5,0,3,6,6,7
17097,2017-08-20,2,7,4,9,4,9,8
17098,2017-08-22,3,3,7,5,4,0,6
17099,2017-08-25,0,5,1,3,7,2,5
17100,2017-08-27,6,8,8,3,8,6,1
17101,2017-08-29,9,7,6,0,7,9,5
17102,2017-09-01,1,4,6,7,5,5,4
17103,2017-09-03,7,0,6,7,2,7,4
17104,2017-09-05,1,3,3,8,7,1,4
17105,2017-09-08,4,3,6,5,7,8,2
17106,2017-09-10,6,7,1,6,5,2,8
17107,2017-09-12,4,1,7,9,0,1,1
17108,2017-09-15,8,0,3,2,0,0,1
17109,2017-09-17,2,9,8,7,9,3,6
17110,2017-09-19,0,1,8,3,0,2,8
17111,2017-09-22,8,1,0,4,3,0,4
17112,2017-09-24,0,5,4,5,3,3,3
17113,2017-09-26,4,7,4,2,9,1,6
17114,2017-09-29,8,5,8,8,1,1,9
17115,2017-10-01,9,7,9,2,5,4,0
17116,2017-10-03,9,2,2,9,0,4,7
17117,2017-10-06,9,0,4,5,5,6,3
17118,2017-10-08,0,7,4,7,6,1,5
17119,2017-10-10,2,6,6,5,0,3,6
17120,2017-10-13,1,2,8,3,8,7,8
17121,2017-10-15,5,1,6,1,2,0,9
17122,2017-10-17,1,5,0,0,6,0,2
17123,2017-10-20,4,3,2,6,2,3,3
17124,2017-10-22,1,2,8,6,2,2,0
17125,2017-10-24,4,4,4,4,2,8,3
17126,2017-10-27,5,3,0,4,5,5,2
17127,2017-10-29,1,3,6,3,6,2,2
17128,2017-10-31,0,1,1,3,7,0,2
17129,2017-11-03,4,8,0,7,0,3,8
17130,2017-11-05,9,4,1,4,1,9,6
17131,2017-11-07,6,5,9,3,4,9,7
17132,2017-11-10,8,5,8,2,6,6,3
17133,2017-11-12,4,6,2,9,0,9,4
17134,2017-11-14,1,8,3,7,2,2,6
17135,2017-11-17,2,3,4,6,9,6,4
17136,2017-11-19,9,0,4,3,1,8,1
17137,2017-11-21,3,7,2,9,0,5,4
17138,2017-11-24,0,2,6,8,6,5,5
17139,2017-11-26,9,1,7,6,3,1,8
17140,2017-11-28,0,6,9,1,1,0,7
17141,2017-12-01,4,4,6,0,5,0,7
17142,2017-12-03,5,1,9,9,8,2,5
17143,2017-12-05,4,7,6,3,7,6,6
17144,2017-12-08,6,3,8,0,5,5,2
17145,2017-12-10,7,4,5,2,0,0,0
17146,2017-12-12,3,9,7,4,2,1,3
17147,2017-12-15,6,4,8,4,3,0,1
17148,2017-12-17,1,0,4,6,0,5,5
17149,2017-12-19,9,4,1,7,1,1,6
17150,2017-12-22,4,2,6,5,0,4,6
17151,2017-12-24,4,9,2,8,1,6,3
17152,2017-12-26,6,4,0,4,8,6,6
17153,2017-12-29,9,7,6,2,1,8,9
17154,2017-12-31,0,9,5,6,2,3,2
18001,2018-01-02,7,9,8,5,5,4,9
18002,2018-01-05,9,5,1,6,4,1,4
18003,2018-01-07,6,5,3,2,5,5,0
18004,2018-01-09,2,5,9,2,2,9,7
18005,2018-01-12,3,2,8,5,0,6,4
18006,2018-01-14,0,5,8,8,1,5,2
18007,2018-01-16,1,0,4,6,9,4,4
18008,2018-01-19,7,9,4,8,4,7,0
18009,2018-01-21,4,9,9,8,8,6,7
18010,2018-01-23,5,1,1,8,1,3,6
18011,2018-01-26,9,8,9,2,1,0,3
18012,2018-01-28,3,9,2,7,5,4,1
18013,2018-01-30,2,3,8,5,1,6,7
18014,2018-02-02,0,7,2,7,1,6,9
18015,2018-02-04,2,8,9,6,0,6,7
18016,2018-02-06,6,9,3,3,9,4,7
18017,2018-02-09,3,9,6,0,9,7,1
18018,2018-02-11,3,2,5,9,9,5,8
18019,2018-02-13,4,6,4,1,0,5,6
18020,2018-02-23,4,0,6,5,6,1,1
18021,2018-02-25,4,9,8,6,3,6,1
18022,2018-02-27,4,1,3,4,7,3,0
18023,2018-03-02,9,0,2,4,1,5,3
18024,2018-03-04,1,9,6,2,7,2,7
18025,2018-03-06,9,6,8,6,0,7,5
18026,2018-03-09,8,0,3,1,1,3,0
18027,2018-03-11,9,6,9,7,6,5,1
18028,2018-03-13,9,8,1,9,8,6,7
18029,2018-03-16,6,3,9,8,4,1,1
18030,2018-03-18,8,0,0,1,6,2,3
18031,2018-03-20,3,7,0,8,6,8,1
18032,2018-03-23,8,0,8,4,3,8,1
18033,2018-03-25,6,3,5,6,9,1,1
18034,2018-03-27,3,7,3,7,3,8,5
18035,2018-03-30,6,3,8,2,6,0,7
18036,2018-04-01,4,4,6,4,2,3,7
18037,2018-04-03,6,8,2,0,2,9,8
18038,2018-04-06,7,2,8,3,9,3,9
18039,2018-04-08,6,6,3,3,3,5,8
18040,2018-04-10,6,5,4,4,3,6,2
18041,2018-04-13,6,2,8,9,9,5,3
18042,2018-04-15,4,7,4,0,2,5,1
18043,2018-04-17,0,7,5,0,1,3,9
18044,2018-04-20,7,3,6,8,6,2,9
18045,2018-04-22,6,6,5,0,9,0,9
18046,2018-04-24,0,2,2,4,6,6,3
18047,2018-04-27,3,8,4,0,8,3,0
18048,2018-04-29,8,2,0,8,8,4,0
18049,2018-05-01,7,4,5,1,3,1,7
18050,2018-05-04,8,0,1,2,2,5,3
18051,2018-05-06,6,5,6,9,6,3,3
18052,2018-05-08,3,7,7,8,0,6,8
18053,2018-05-11,1,4,7,2,5,4,7
18054,2018-05-13,7,2,8,9,7,7,4
18055,2018-05-15,9,0,6,9,4,1,8
18056,2018-05-18,4,7,2,3,0,5,3
18057,2018-05-20,9,4,0,0,1,9,2
18058,2018-05-22,9,1,6,4,7,5,9
18059,2018-05-25,8,3,1,4,6,7,6
18060,2018-05-27,2,2,7,0,8,9,2
18061,2018-05-29,0,0,4,9,6,3,7
18062,2018-06-01,2,6,8,3,4,7,3
18063,2018-06-03,1,9,5,1,5,8,1
18064,2018-06-05,9,6,1,1,0,3,4
18065,2018-06-08,2,6,4,1,3,0,0
18066,2018-06-10,5,5,0,3,4,5,0
18067,2018-06-12,7,5,4,7,3,5,6
18068,2018-06-15,2,7,7,6,4,4,9
18069,2018-06-17,1,0,0,4,3,0,8
18070,2018-06-19,6,6,5,9,4,2,9
18071,2018-06-22,0,5,0,6,3,6,6
18072,2018-06-24,7,9,6,5,7,5,8
18073,2018-06-26,3,9,6,5,8,0,0
18074,2018-06-29,1,4,8,6,0,9,7
18075,2018-07-01,1,6,6,2,7,3,8
18076,2018-07-03,3,1,1,2,8,2,9
18077,2018-07-06,6,1,5,3,0,4,7
18078,2018-07-08,3,4,8,8,0,1,4
18079,2018-07-10,1,1,7,5,9,5,1
18080,2018-07-13,8,3,4,4,0,4,9
18081,2018-07-15,5,4,1,8,8,6,4
18082,2018-07-17,1,1,0,4,1,9,2
18083,2018-07-20,4,0,7,2,6,1,9
18084,2018-07-22,4,4,9,5,5,9,7
18085,2018-07-24,6,0,9,6,1,6,0
18086,2018-07-27,6,0,9,8,0,3,4
18087,2018-07-29,3,7,4,1,6,6,5
18088,2018-07-31,4,8,7,6,7,5,3
18089,2018-08-03,1,9,6,1,8,6,7
18090,2018-08-05,8,7,8,8,7,6,6
18091,2018-08-07,0,7,6,3,1,3,3
18092,2018-08-10,9,7,5,2,5,9,1
18093,2018-08-12,8,0,9,3,9,6,1
18094,2018-08-14,1,2,5,6,4,9,7
18095,2018-08-17,9,6,0,1,6,3,0
18096,2018-08-19,5,5,0,0,7,6,0
18097,2018-08-21,7,7,5,7,2,3,3
18098,2018-08-24,4,9,8,6,2,1,2
18099,2018-08-26,4,8,6,5,8,7,6
18100,2018-08-28,7,8,6,5,8,4,0
18101,2018-08-31,9,5,1,6,8,6,9
18102,2018-09-02,0,1,4,5,8,5,3
18103,2018-09-04,1,7,8,3,9,5,5
18104,2018-09-07,4,5,1,6,3,0,3
18105,2018-09-09,5,5,3,2,9,1,1
18106,2018-09-11,8,3,5,9,1,0,8
18107,2018-09-14,4,3,0,3,6,2,5
18108,2018-09-16,6,4,7,3,3,6,8
18109,2018-09-18,3,7,5,1,7,8,5
18110,2018-09-21,2,9,3,9,0,4,4
18111,2018-09-23,5,5,9,0,7,2,1
18112,2018-09-25,8,3,9,9,6,1,4
18113,2018-09-28,9,3,4,5,4,1,5
18114,2018-09-30,0,5,4,3,7,8,3
18115,2018-10-02,0,0,5,8,7,2,6
18116,2018-10-05,6,2,8,4,6,9,9
18117,2018-10-07,2,6,2,9,8,4,8
18118,2018-10-09,9,4,8,2,9,4,7
18119,2018-10-12,7,3,1,4,9,5,9
18120,2018-10-14,1,8,1,2,1,1,0
18121,2018-10-16,9,4,3,7,4,6,6
18122,2018-10-19,4,8,2,3,1,2,3
18123,2018-10-21,8,5,3,9,8,1,4
18124,2018-10-23,8,3,2,2,6,5,8
18125,2018-10-26,1,5,1,6,5,1,9
18126,2018-10-28,5,9,2,0,3,5,0
18127,2018-10-30,1,0,3,3,1,2,1
18128,2018-11-02,1,6,0,3,2,5,4
18129,2018-11-04,6,1,3,5,0,9,9
18130,2018-11-06,0,1,1,6,4,6,6
18131,2018-11-09,1,9,9,1,5,1,9
18132,2018-11-11,1,6,3,3,4,7,7
18133,2018-11-13,9,6,8,7,3,7,1
18134,2018-11-16,3,7,8,4,8,1,9
18135,2018-11-18,5,8,8,1,1,2,2
18136,2018-11-20,2,4,7,6,7,0,0
18137,2018-11-23,5,3,1,0,9,7,6
18138,2018-11-25,8,9,0,2,9,0,0
18139,2018-11-27,7,3,3,5,2,7,8
18140,2018-11-30,5,5,8,0,9,1,4
18141,2018-12-02,5,3,9,5,3,4,4
18142,2018-12-04,5,0,0,1,4,0,7
18143,2018-12-07,4,2,2,1,6,6,9
18144,2018-12-09,7,1,5,6,6,9,1
18145,2018-12-11,7,2,9,6,2,8,8
18146,2018-12-14,2,6,8,9,9,5,9
18147,2018-12-16,5,1,4,1,8,0,0
18148,2018-12-18,2,3,3,2,0,9,4
18149,2018-12-21,5,7,6,6,2,0,7
18150,2018-12-23,2,6,0,2,0,0,9
18151,2018-12-25,7,1,4,4,9,5,9
18152,2018-12-28,4,7,2,7,6,2,7
18153,2018-12-30,6,5,6,9,9,4,7
19001,2019-01-01,6,5,9,6,6,2,9
19002,2019-01-04,1,1,6,4,4,7,5
19003,2019-01-06,9,9,5,0,5,4,4
19004,2019-01-08,4,4,6,0,9,2,2
19005,2019-01-11,4,9,1,5,2,7,6
19006,2019-01-13,0,6,2,4,7,5,5
19007,2019-01-15,2,8,4,0,6,8,9
19008,2019-01-18,8,7,3,9,5,4,7
19009,2019-01-20,7,1,9,7,1,8,9
19010,2019-01-22,2,8,2,3,8,3,9
19011,2019-01-25,9,1,8,7,5,3,5
19012,2019-01-27,6,2,1,4,2,4,1
19013,2019-01-29,3,1,7,8,8,6,2
19014,2019-02-01,6,6,3,0,8,4,9
19015,2019-02-03,3,9,9,3,0,7,2
19016,2019-02-12,0,2,0,7,0,6,0
19017,2019-02-15,2,4,9,3,5,5,9
19018,2019-02-17,5,9,4,1,0,1,2
19019,2019-02-19,4,7,9,7,9,5,3
19020,2019-02-22,6,7,1,1,4,9,3
19021,2019-02-24,2,5,0,8,7,5,0
19022,2019-02-26,4,4,8,7,7,2,6
19023,2019-03-01,5,2,5,5,3,5,7
19024,2019-03-03,2,9,4,1,8,3,5
19025,2019-03-05,3,4,6,6,6,5,0
19026,2019-03-08,3,7,9,0,5,5,7
19027,2019-03-10,9,1,4,8,3,2,8
19028,2019-03-12,2,4,5,1,6,5,1
19029,2019-03-15,3,5,3,4,6,0,3
19030,2019-03-17,7,9,3,8,6,2,7
19031,2019-03-19,1,7,4,1,2,0,3
19032,2019-03-22,2,9,0,2,5,2,2
19033,2019-03-24,1,1,0,0,5,5,2
19034,2019-03-26,3,0,2,8,0,0,0
19035,2019-03-29,3,8,7,3,6,1,8
19036,2019-03-31,5,7,5,2,0,0,8
19037,2019-04-02,2,1,1,0,3,9,8
19038,2019-04-05,0,0,1,7,9,9,5
19039,2019-04-07,7,7,3,1,4,2,8
19040,2019-04-09,4,8,1,4,8,8,2
19041,2019-04-12,6,0,2,5,8,5,1
19042,2019-04-14,2,6,0,8,2,6,2
19043,2019-04-16,8,1,4,4,7,3,7
19044,2019-04-19,8,2,0,6,3,0,8
19045,2019-04-21,9,7,7,3,8,7,9
19046,2019-04-23,2,9,5,5,1,1,2
19047,2019-04-26,6,7,3,2,7,8,6
19048,2019-04-28,6,8,2,4,2,9,8
19049,2019-04-30,2,5,8,9,9,1,6
19050,2019-05-03,2,6,0,2,0,8,9
19051,2019-05-05,2,9,1,5,4,9,7
19052,2019-05-07,8,5,0,7,8,3,8
19053,2019-05-10,7,6,7,9,3,2,4
19054,2019-05-12,1,6,0,7,4,6,1
19055,2019-05-14,5,8,0,6,8,7,7
19056,2019-05-17,6,7,7,6,4,4,2
19057,2019-05-19,9,9,7,5,2,0,3
19058,2019-05-21,5,8,9,9,5,1,8
19059,2019-05-24,0,1,9,7,0,2,6
19060,2019-05-26,1,8,4,7,9,2,8
19061,2019-05-28,2,9,8,8,9,6,7
19062,2019-05-31,5,4,7,4,1,2,8
19063,2019-06-02,1,2,8,2,6,4,8
19064,2019-06-04,1,7,1,2,2,3,3
19065,2019-06-07,4,3,3,6,2,2,7
19066,2019-06-09,6,7,7,8,6,1,0
19067,2019-06-11,0,8,8,5,9,7,4
19068,2019-06-14,6,6,3,3,8,0,9
19069,2019-06-16,6,6,8,0,1,4,7
19070,2019-06-18,4,2,4,9,9,7,2
19071,2019-06-21,2,4,9,8,4,8,2
19072,2019-06-23,8,6,1,0,4,9,6
19073,2019-06-25,2,2,4,5,5,2,9
19074,2019-06-28,0,9,5,6,2,0,5
19075,2019-06-30,8,3,3,2,6,5,5
19076,2019-07-02,2,5,9,7,8,1,1
19077,2019-07-05,4,2,5,1,0,3,4
19078,2019-07-07,4,0,7,0,3,9,3
19079,2019-07-09,9,8,5,4,2,0,5
19080,2019-07-12,3,2,5,5,8,1,1
19081,2019-07-14,4,3,0,7,8,1,5
19082,2019-07-16,0,6,7,3,8,7,4
19083,2019-07-19,0,4,9,5,9,1,1
19084,2019-07-21,6,4,7,9,0,0,3
19085,2019-07-23,7,1,9,8,1,4,1
19086,2019-07-26,2,3,5,3,2,9,0
19087,2019-07-28,1,6,8,1,3,0,0
19088,2019-07-30,6,2,9,9,7,8,9
19089,2019-08-02,5,8,6,3,2,1,7
19090,2019-08-04,0,0,6,8,6,6,6
19091,2019-08-06,3,8,5,5,1,8,7
19092,2019-08-09,8,8,1,1,1,7,2
19093,2019-08-11,7,6,0,9,8,4,5
19094,2019-08-13,4,0,8,5,6,3,5
19095,2019-08-16,3,9,0,8,3,6,3
19096,2019-08-18,2,4,6,0,3,2,8
19097,2019-08-20,6,1,6,5,4,4,5
19098,2019-08-23,6,0,5,3,8,0,9
19099,2019-08-25,9,7,7,3,0,1,7
19100,2019-08-27,0,7,8,7,8,6,9
19101,2019-08-30,0,5,6,3,2,5,6
19102,2019-09-01,1,0,5,3,9,6,0
19103,2019-09-03,0,6,3,1,5,9,6
19104,2019-09-06,5,4,5,6,0,7,9
19105,2019-09-08,2,3,9,3,3,4,0
19106,2019-09-10,8,7,3,4,3,5,6
19107,2019-09-13,9,2,0,2,0,3,4
19108,2019-09-15,0,8,0,1,9,7,9
19109,2019-09-17,4,3,9,9,8,8,2
19110,2019-09-20,6,9,2,8,9,2,3
19111,2019-09-22,5,0,3,5,0,2,2
19112,2019-09-24,1,4,1,7,8,9,2
19113,2019-09-27,6,5,9,9,8,4,4
19114,2019-09-29,2,7,7,4,9,9,0
19115,2019-10-08,4,6,8,3,5,8,6
19116,2019-10-11,3,0,5,8,8,0,3
19117,2019-10-13,2,7,0,3,7,1,9
19118,2019-10-15,3,7,8,1,9,2,7
19119,2019-10-18,9,5,9,2,2,1,7
19120,2019-10-20,8,4,0,3,0,2,6
19121,2019-10-22,3,3,9,8,4,7,9
19122,2019-10-25,6,8,7,0,9,9,0
19123,2019-10-27,7,8,1,2,3,5,0
19124,2019-10-29,9,5,1,8,1,5,6
19125,2019-11-01,4,4,9,9,7,2,8
19126,2019-11-03,7,3,3,6,0,4,7
19127,2019-11-05,8,4,8,1,2,3,9
19128,2019-11-08,6,9,5,5,9,4,8
19129,2019-11-10,0,3,2,2,1,0,8
19130,2019-11-12,0,7,9,0,2,5,6
19131,2019-11-15,8,2,4,1,3,8,9
19132,2019-11-17,6,1,3,8,8,2,0
19133,2019-11-19,5,5,9,3,5,5,3
19134,2019-11-22,4,2,0,3,4,3,7
19135,2019-11-24,9,7,6,5,2,6,7
19136,2019-11-26,5,5,7,3,7,9,5
19137,2019-11-29,9,4,6,2,2,8,4
19138,2019-12-01,9,1,5,5,9,7,5
19139,2019-12-03,2,1,5,6,6,0,6
19140,2019-12-06,7,2,8,0,5,0,8
19141,2019-12-08,1,1,3,0,9,0,7
19142,2019-12-10,1,4,3,5,3,0,7
19143,2019-12-13,8,3,8,3,0,5,5
19144,2019-12-15,1,8,4,8,7,4,1
19145,2019-12-17,1,6,9,8,9,3,3
19146,2019-12-20,5,4,6,4,9,2,6
19147,2019-12-22,8,1,4,6,9,6,1
19148,2019-12-24,7,8,9,8,1,8,2
19149,2019-12-27,4,0,5,1,6,5,3
19150,2019-12-29,5,5,9,9,7,1,3
19151,2019-12-31,1,7,1,0,4,4,3
20001,2020-01-03,6,7,9,4,5,1,9
20002,2020-01-05,3,1,0,8,2,2,1
20003,2020-01-07,4,2,2,2,9,7,5
20004,2020-01-10,9,5,9,1,3,7,8
20005,2020-01-12,9,4,5,0,5,0,8
20006,2020-01-14,0,9,0,8,9,9,8
20007,2020-01-17,9,4,3,1,8,4,0
20008,2020-01-19,7,0,8,2,6,0,4
20009,2020-01-21,6,7,4,2,4,1,4
20010,2020-03-13,3,3,3,1,4,1,7
20011,2020-03-15,7,8,8,7,5,8,6
20012,2020-03-17,7,3,6,8,2,1,4
20013,2020-03-20,4,5,8,5,1,0,1
20014,2020-03-22,6,6,0,2,4,4,0
20015,2020-03-24,5,8,6,2,2,2,0
20016,2020-03-27,2,6,6,1,3,1,8
20017,2020-03-29,7,4,5,5,5,3,7
20018,2020-03-31,6,1,8,3,3,3,9
20019,2020-04-03,4,8,1,4,2,0,7
20020,2020-04-05,3,3,2,9,1,7,2
20021,2020-04-07,7,0,3,1,8,4,1
20022,2020-04-10,3,1,5,0,6,7,0
20023,2020-04-12,7,5,3,3,6,0,5
20024,2020-04-14,8,1,5,1,5,0,7
20025,2020-04-17,5,3,2,1,1,5,7
20026,2020-04-19,9,3,3,9,2,9,4
20027,2020-04-21,8,9,4,4,6,2,7
20028,2020-04-24,1,3,1,7,8,4,8
20029,2020-04-26,2,7,6,0,2,1,4
20030,2020-04-28,2,2,8,3,2,1,1
20031,2020-05-01,7,5,2,5,3,2,5
20032,2020-05-03,2,6,3,3,9,2,3
20033,2020-05-05,7,4,8,3,9,0,5
20034,2020-05-08,2,4,8,9,3,9,0
20035,2020-05-10,3,1,8,4,1,2,3
20036,2020-05-12,5,2,7,7,6,9,6
20037,2020-05-15,9,5,3,5,2,7,0
20038,2020-05-17,3,8,0,6,3,4,5
20039,2020-05-19,3,7,2,7,6,3,7
20040,2020-05-22,8,9,3,8,2,5,4
20041,2020-05-24,4,9,3,5,1,9,7
20042,2020-05-26,3,2,2,0,8,1,3
20043,2020-05-29,7,7,5,7,0,8,6
20044,2020-05-31,7,9,7,2,1,4,7
20045,2020-06-02,5,4,8,0,4,3,2
20046,2020-06-05,5,9,5,0,2,4,0
20047,2020-06-07,7,8,8,5,4,1,9
20048,2020-06-09,1,5,7,3,2,6,6
20049,2020-06-12,3,1,0,3,8,5,0
20050,2020-06-14,4,6,7,4,8,4,4
20051,2020-06-16,1,0,3,9,2,3,3
20052,2020-06-19,5,3,4,8,9,3,6
20053,2020-06-21,8,2,0,5,9,3,3
20054,2020-06-23,5,2,8,2,7,8,6
20055,2020-06-26,9,5,7,2,0,4,6
20056,2020-06-28,8,2,6,5,5,5,3
20057,2020-06-30,8,3,2,3,3,7,1
20058,2020-07-03,5,3,3,8,0,1,8
20059,2020-07-05,5,2,8,6,8,8,9
20060,2020-07-07,4,2,1,0,4,9,7
20061,2020-07-10,9,4,1,5,7,1,1
20062,2020-07-12,9,3,6,4,1,4,9
20063,2020-07-14,5,8,7,2,3,3,0
20064,2020-07-17,4,2,5,4,4,6,8
20065,2020-07-19,9,2,8,5,6,6,4
20066,2020-07-21,8,4,3,8,3,2,8
20067,2020-07-24,5,6,9,2,8,1,5
20068,2020-07-26,9,6,8,0,8,5,4
20069,2020-07-28,3,1,1,4,5,1,5
20070,2020-07-31,4,7,8,6,2,8,7
20071,2020-08-02,5,7,7,1,1,3,4
20072,2020-08-04,0,1,9,3,7,1,4
20073,2020-08-07,5,9,1,0,4,5,6
20074,2020-08-09,9,7,9,3,8,2,7
20075,2020-08-11,9,7,0,5,5,3,5
20076,2020-08-14,4,8,9,0,8,7,9
20077,2020-08-16,0,0,6,1,8,7,9
20078,2020-08-18,5,3,1,1,6,6,2
20079,2020-08-21,0,3,0,9,6,4,1
20080,2020-08-23,5,8,3,6,8,8,6
20081,2020-08-25,1,7,9,0,5,9,5
20082,2020-08-28,0,0,4,4,1,5,1
20083,2020-08-30,8,4,4,3,1,1,2
20084,2020-09-01,4,8,4,1,5,5,2
20085,2020-09-04,1,4,5,9,5,9,9
20086,2020-09-06,7,2,4,2,3,8,9
20087,2020-09-08,1,3,9,2,1,0,8
20088,2020-09-11,5,5,8,9,8,5,7
20089,2020-09-13,9,3,3,6,8,6,3
20090,2020-09-15,2,5,1,7,8,6,1
20091,2020-09-18,2,3,3,3,9,3,6
20092,2020-09-20,8,8,3,2,6,7,9
20093,2020-09-22,6,9,3,0,0,5,0
20094,2020-09-25,6,9,0,8,5,5,4
20095,2020-09-27,2,5,2,2,8,8,2
20096,2020-09-29,4,3,5,6,2,9,7
20097,2020-10-06,9,7,9,3,0,9,4
20098,2020-10-09,1,2,9,2,1,6,0
20099,2020-10-11,2,3,8,1,1,5,0
20100,2020-10-13,5,6,0,0,2,1,7
20102,2020-10-18,9,5,3,3,3,3,9
20103,2020-10-20,0,8,1,6,5,3,6
20104,2020-10-23,5,0,9,9,3,1,0
20105,2020-10-25,4,1,7,1,8,2,4
20106,2020-10-27,3,1,8,9,0,8,1
20107,2020-10-30,2,3,8,9,3,7,0
20108,2020-11-01,3,3,2,0,5,1,6
20109,2020-11-03,9,1,9,4,1,8,3
20110,2020-11-06,6,4,5,7,5,8,2
20112,2020-11-10,0,4,4,4,9,4,6
20113,2020-11-13,4,9,8,0,0,3,4
20114,2020-11-15,8,8,7,3,4,5,0
20115,2020-11-17,1,3,4,8,8,5,4
20117,2020-11-22,7,9,0,5,0,6,5
20119,2020-11-27,2,2,2,7,2,3,7
20121,2020-12-01,1,2,7,9,8,4,9
20122,2020-12-04,6,0,1,9,8,7,9
20123,2020-12-06,7,7,1,6,4,1,4
20125,2020-12-11,1,9,1,1,7,4,6
20128,2020-12-18,4,2,9,7,1,8,1
20129,2020-12-20,7,8,3,9,1,8,5
20130,2020-12-22,5,3,9,8,0,6,4
20131,2020-12-25,8,5,0,0,3,8,9
20132,2020-12-27,5,5,2,9,7,9,6
21002,2021-01-03,7,0,7,0,7,8,8
21004,2021-01-08,0,0,7,8,4,9,1
21005,2021-01-10,0,9,5,3,7,0,0
21009,2021-01-19,9,7,9,0,8,8,5
21010,2021-01-22,4,8,1,5,5,7,6
21011,2021-01-24,5,6,5,6,3,0,4
21012,2021-01-26,0,3,7,0,1,1,9
21013,2021-01-29,6,7,2,0,4,4,9
21016,2021-02-05,7,5,2,9,1,8,4
21018,2021-02-19,7,9,2,7,8,0,1
21019,2021-02-21,4,5,9,0,8,2,6
21021,2021-02-26,2,8,5,4,8,5,8
21022,2021-02-28,0,2,5,9,2,6,0
21024,2021-03-05,5,6,5,1,7,2,3
21026,2021-03-09,3,9,9,2,1,7,4
21027,2021-03-12,9,3,7,6,3,2,0
21028,2021-03-14,9,3,5,4,4,4,6
21029,2021-03-16,5,5,4,4,0,8,6
21031,2021-03-21,8,6,8,6,1,7,1
21032,2021-03-23,4,5,2,5,2,0,0
21033,2021-03-26,0,7,6,2,3,7,9
21034,2021-03-28,3,5,2,3,1,1,3
21035,2021-03-30,1,3,6,5,7,8,4
21036,2021-04-02,2,3,3,9,5,1,2
21042,2021-04-16,1,9,6,3,9,7,2
21043,2021-04-18,4,6,0,2,1,3,5
21044,2021-04-20,0,4,4,9,6,3,5
21048,2021-04-30,2,3,9,6,2,1,5
21050,2021-05-04,3,1,9,0,3,0,2
21054,2021-05-14,4,9,6,6,4,9,4
21057,2021-05-21,8,6,1,1,5,2,7
21060,2021-05-28,6,0,4,5,8,4,7
21061,2021-05-30,4,5,4,6,0,2,8
21062,2021-06-01,8,6,1,1,8,7,2
21063,2021-06-04,9,5,4,8,2,9,3
21064,2021-06-06,2,0,2,5,5,5,3
21066,2021-06-11,5,9,1,0,4,4,2
21067,2021-06-13,7,0,8,8,8,1,3
21069,2021-06-18,2,5,4,9,5,3,2
21073,2021-06-27,3,5,9,3,3,4,5
21076,2021-07-04,8,1,6,8,0,0,3
21078,2021-07-09,0,7,3,3,1,8,7
21080,2021-07-13,7,2,2,8,2,4,7
21081,2021-07-16,5,2,7,3,0,3,4
21082,2021-07-18,4,7,5,1,3,5,5
21084,2021-07-23,4,3,1,6,6,7,0
21085,2021-07-25,0,3,5,9,3,2,7
21086,2021-07-27,1,1,9,4,2,0,0
21087,2021-07-30,3,6,2,9,8,8,3
21088,2021-08-01,9,7,5,6,2,5,5
21090,2021-08-06,2,6,8,7,0,4,6
21091,2021-08-08,8,6,9,4,7,3,5
21093,2021-08-13,7,5,6,7,3,9,8
21094,2021-08-15,4,8,1,5,7,1,1
21095,2021-08-17,4,6,5,7,6,7,6
21097,2021-08-22,0,5,5,4,4,5,0
21098,2021-08-24,1,0,7,7,9,6,5
21099,2021-08-27,4,0,0,3,7,8,7
21102,2021-09-03,1,1,6,4,7,6,4
21103,2021-09-05,5,5,6,9,9,8,3
21104,2021-09-07,0,1,8,2,5,7,9
21105,2021-09-10,3,8,2,8,1,3,2
21106,2021-09-12,4,7,9,0,2,8,5
21107,2021-09-14,3,9,3,1,9,2,0
21108,2021-09-17,4,7,0,0,8,7,8
21110,2021-09-21,7,1,9,6,4,9,7
21111,2021-09-24,1,9,9,9,0,5,5
21112,2021-09-26,1,0,2,4,6,6,6
21113,2021-09-28,0,5,4,0,1,8,5
21116,2021-10-10,7,7,0,3,4,0,7
21117,2021-10-12,6,9,6,1,7,9,9
21118,2021-10-15,8,2,1,3,7,6,0
21121,2021-10-22,5,9,5,7,0,2,8
21122,2021-10-24,6,8,8,1,6,8,3
21123,2021-10-26,2,4,2,0,0,7,0
21126,2021-11-02,7,8,6,1,9,8,2
21127,2021-11-05,2,3,2,9,3,4,0
21128,2021-11-07,7,6,4,1,0,5,9
21129,2021-11-09,1,8,3,1,1,7,7
21130,2021-11-12,1,1,5,3,4,5,6
21131,2021-11-14,1,2,4,9,9,2,6
21132,2021-11-16,1,0,6,1,2,0,6
21134,2021-11-21,2,8,1,3,9,2,8
21135,2021-11-23,4,3,6,2,3,3,9
21136,2021-11-26,5,3,2,7,0,5,2
21138,2021-11-30,2,3,6,6,6,9,9
21140,2021-12-05,9,8,2,7,1,0,7
21144,2021-12-14,4,7,4,8,3,9,2
21145,2021-12-17,6,0,7,3,0,2,4
21147,2021-12-21,1,6,0,2,7,9,3
21148,2021-12-24,6,4,0,0,2,4,4
21149,2021-12-26,7,8,0,8,0,7,9
21150,2021-12-28,8,8,4,6,3,8,5
22003,2022-01-07,4,3,5,3,9,7,0
22006,2022-01-14,8,7,5,8,8,0,9
22007,2022-01-16,6,2,1,9,8,1,7
22008,2022-01-18,6,2,7,6,5,8,5
22009,2022-01-21,9,3,5,6,8,4,8
22010,2022-01-23,1,1,5,8,3,9,0
22012,2022-01-28,2,3,1,2,3,8,9
22013,2022-02-08,5,7,6,6,5,4,8
22014,2022-02-11,3,1,3,8,2,5,6
22015,2022-02-13,1,2,8,9,9,1,8
22016,2022-02-15,6,4,6,5,6,6,9
22018,2022-02-20,7,4,9,4,7,3,0
22019,2022-02-22,8,8,0,6,3,0,6
22020,2022-02-25,2,6,5,9,5,0,1
22021,2022-02-27,6,1,3,0,2,9,0
22025,2022-03-08,6,6,0,4,6,6,3
22026,2022-03-11,1,6,4,8,1,7,1
22027,2022-03-13,9,1,1,3,2,3,7
22028,2022-03-15,1,1,2,8,1,4,5
22029,2022-03-18,6,1,6,1,3,5,7
22030,2022-03-20,2,8,4,9,2,5,8
22031,2022-03-22,7,1,8,0,8,5,7
22034,2022-03-29,0,4,3,0,6,5,9
22035,2022-04-01,2,9,1,6,5,8,3
22036,2022-04-03,3,2,1,0,1,6,9
22037,2022-04-05,9,3,5,0,1,2,3
22039,2022-04-10,0,9,3,3,3,6,9
22040,2022-04-12,2,9,5,8,8,9,0
22041,2022-04-15,4,2,6,5,1,9,3
22042,2022-04-17,9,6,4,2,0,1,5
22043,2022-04-19,6,5,6,5,6,4,2
22044,2022-04-22,5,0,5,6,9,9,6
22045,2022-04-24,5,6,0,4,0,9,8
22046,2022-04-26,4,5,0,1,1,3,8
22047,2022-04-29,2,9,5,1,6,3,9
22049,2022-05-03,4,9,0,1,7,0,5
22050,2022-05-06,5,5,3,4,2,4,0
22051,2022-05-08,4,6,8,2,8,8,6
22054,2022-05-15,3,7,3,7,1,9,1
22057,2022-05-22,8,5,6,6,8,9,0
22059,2022-05-27,6,1,9,1,4,3,3
22060,2022-05-29,1,3,1,4,4,9,9
22062,2022-06-03,4,2,1,0,3,0,3
22063,2022-06-05,9,7,1,6,9,2,7
22064,2022-06-07,6,3,8,3,3,0,7
22065,2022-06-10,8,4,1,4,4,7,8
22068,2022-06-17,8,3,9,1,6,8,4
22070,2022-06-21,1,6,8,6,9,9,5
22072,2022-06-26,4,1,3,8,9,3,9
22075,2022-07-03,3,5,3,9,0,8,8
22076,2022-07-05,1,7,8,5,3,8,5
22078,2022-07-10,6,9,4,2,8,8,2
22079,2022-07-12,9,3,0,5,4,3,6
22081,2022-07-17,6,5,2,5,6,2,0
22082,2022-07-19,9,5,2,9,7,0,8
22085,2022-07-26,5,6,7,7,8,7,0
22086,2022-07-29,4,6,4,9,6,3,2
22088,2022-08-02,6,9,6,2,6,4,6
22090,2022-08-07,4,2,4,2,6,2,4
22091,2022-08-09,1,7,9,2,0,7,9
22092,2022-08-12,8,7,8,3,7,5,4
22093,2022-08-14,4,1,7,7,7,4,0
22100,2022-08-30,0,7,4,2,5,6,6
22102,2022-09-04,7,2,5,7,0,5,9
22104,2022-09-09,3,9,5,0,1,6,2
22105,2022-09-11,4,2,3,4,9,4,6
22106,2022-09-13,5,8,0,0,7,9,3
22107,2022-09-16,9,6,3,1,4,7,5
22111,2022-09-25,0,5,0,5,2,0,5
22113,2022-09-30,7,9,1,6,7,3,7
22116,2022-10-11,2,5,9,7,9,1,4
22117,2022-10-14,3,1,2,5,6,9,5
22119,2022-10-18,0,7,8,8,1,6,5
22120,2022-10-21,6,0,8,3,9,4,7
22122,2022-10-25,2,6,4,7,4,9,5
22124,2022-10-30,3,8,4,5,4,9,0
22129,2022-11-11,8,7,3,3,4,0,7
22130,2022-11-13,7,8,0,3,4,8,4
22131,2022-11-15,0,8,2,6,5,1,2
22132,2022-11-18,2,4,7,9,1,2,8
22133,2022-11-20,1,4,7,8,6,1,4
22134,2022-11-22,4,7,9,6,7,2,6
22137,2022-11-29,2,3,9,4,9,0,9
22138,2022-12-02,8,4,5,1,1,4,6
22139,2022-12-04,1,3,3,6,4,9,3
22143,2022-12-13,5,0,4,6,8,6,2
22144,2022-12-16,2,8,7,9,7,7,5
22145,2022-12-18,7,1,6,3,8,8,6
22146,2022-12-20,1,2,0,1,4,1,5
22147,2022-12-23,4,7,1,3,7,8,7
22148,2022-12-25,7,2,9,3,3,1,9
22149,2022-12-27,6,9,8,2,2,4,3
23004,2023-01-08,1,2,5,7,7,9,7
23006,2023-01-13,4,1,0,4,9,4,9
23007,2023-01-15,2,5,2,8,0,7,7
23010,2023-01-31,3,3,9,4,2,9,5
23011,2023-02-03,7,6,8,9,5,9,1
23012,2023-02-05,4,7,6,3,0,0,0
23015,2023-02-12,7,5,7,3,9,2,9
23017,2023-02-17,6,6,5,7,2,9,1
23018,2023-02-19,2,8,0,4,2,3,4
23019,2023-02-21,1,7,4,7,6,7,2
23020,2023-02-24,2,2,5,4,9,5,3
23021,2023-02-26,6,1,6,8,2,6,7
23024,2023-03-05,6,6,9,2,0,8,1
23025,2023-03-07,7,8,5,4,3,3,9
23026,2023-03-10,0,7,3,3,2,2,4
23029,2023-03-17,3,6,0,8,0,7,4
23035,2023-03-31,6,1,7,1,2,3,1
23037,2023-04-04,1,9,5,0,9,0,6
23038,2023-04-07,1,8,5,8,3,5,1
23039,2023-04-09,0,7,3,0,7,4,5
23040,2023-04-11,8,2,1,4,6,5,3
23041,2023-04-14,8,6,0,0,4,5,1
23042,2023-04-16,0,2,0,5,6,0,5
23043,2023-04-18,1,4,5,3,8,3,9
23044,2023-04-21,8,1,3,5,3,8,5
23045,2023-04-23,1,4,5,3,3,0,5
23047,2023-04-28,9,0,0,5,1,0,5
23049,2023-05-02,8,7,9,5,6,1,9
23050,2023-05-05,4,0,9,8,7,3,7
23051,2023-05-07,0,3,0,9,5,5,2
23052,2023-05-09,1,7,3,6,7,1,7
23053,2023-05-12,5,5,7,7,4,3,2
23054,2023-05-14,9,9,9,9,2,7,8
23055,2023-05-16,7,8,6,5,0,6,7
23057,2023-05-21,0,4,2,1,8,4,5
23059,2023-05-26,7,3,6,0,7,2,2
23061,2023-05-30,4,7,1,1,2,4,9
23062,2023-06-02,6,2,6,9,2,9,5
23063,2023-06-04,6,2,1,9,3,2,5
23064,2023-06-06,2,6,1,5,7,7,0
23065,2023-06-09,3,0,9,6,9,2,6
23066,2023-06-11,2,2,4,3,8,5,3
23067,2023-06-13,2,9,0,3,0,6,1
23069,2023-06-18,4,2,8,8,2,7,5
23070,2023-06-20,8,7,9,2,6,2,9
23071,2023-06-23,4,9,9,3,1,2,4
23072,2023-06-25,8,7,0,2,5,8,4
23073,2023-06-27,3,0,7,7,7,0,9
23075,2023-07-02,5,4,2,3,1,9,1
23076,2023-07-04,9,9,3,2,5,8,4
23078,2023-07-09,3,4,4,7,1,2,5
23079,2023-07-11,8,5,2,7,9,4,5
23083,2023-07-21,4,9,9,1,2,3,4
23085,2023-07-25,9,7,4,6,7,3,8
23086,2023-07-28,7,0,9,8,2,5,5
23089,2023-08-04,3,2,2,5,1,4,8
23091,2023-08-08,9,9,3,9,5,3,4
23092,2023-08-11,2,1,1,1,2,6,5
23093,2023-08-13,1,8,0,0,3,7,2
23094,2023-08-15,3,6,4,2,2,8,2
23098,2023-08-25,1,6,0,9,4,9,1
23100,2023-08-29,9,4,3,9,3,1,6
23101,2023-09-01,5,6,6,2,9,8,6
23102,2023-09-03,5,9,0,4,3,1,0
23105,2023-09-10,3,2,9,7,6,1,0
23106,2023-09-12,0,5,8,1,2,5,7
23107,2023-09-15,0,2,0,5,6,4,5
23109,2023-09-19,3,8,3,1,9,7,0
23110,2023-09-22,3,5,1,4,3,0,6
23112,2023-09-26,1,8,1,6,8,8,9
23113,2023-09-29,2,5,1,9,8,0,3
23116,2023-10-10,1,2,5,5,3,5,6
23117,2023-10-13,6,9,3,5,8,2,4
23124,2023-10-29,8,3,0,9,5,1,8
23125,2023-10-31,0,8,5,6,7,1,9
23127,2023-11-05,7,3,1,1,7,9,5
23131,2023-11-14,4,7,4,2,3,5,2
23132,2023-11-17,7,2,0,7,9,3,1
23135,2023-11-24,4,6,9,5,5,5,9
23136,2023-11-26,7,9,7,1,9,1,5
23138,2023-12-01,4,6,7,2,7,5,7
23139,2023-12-03,6,1,4,6,1,4,9
23140,2023-12-05,0,0,0,3,6,9,2
23141,2023-12-08,5,1,4,4,6,2,6
23142,2023-12-10,3,3,8,6,1,5,3
23144,2023-12-15,1,2,1,9,7,0,0
23145,2023-12-17,5,1,6,2,4,4,8
23146,2023-12-19,1,2,9,8,0,1,6
23147,2023-12-22,7,3,1,1,8,1,9
23148,2023-12-24,0,4,8,1,0,6,3
23149,2023-12-26,8,3,5,9,2,8,6
23150,2023-12-29,1,6,1,2,9,3,5
24001,2024-01-02,9,8,8,4,3,1,9
24004,2024-01-09,3,4,1,1,8,2,6
24005,2024-01-12,9,1,7,5,9,5,7
24006,2024-01-14,3,2,3,4,1,6,4
24007,2024-01-16,2,0,9,9,7,2,3
24008,2024-01-19,5,9,9,0,9,2,1
24009,2024-01-21,4,3,5,1,8,7,9
24010,2024-01-23,6,7,9,3,1,1,4
24013,2024-01-30,1,0,2,1,6,6,4
24014,2024-02-02,3,7,1,9,0,5,5
24017,2024-02-18,1,3,9,5,7,1,3
24018,2024-02-20,9,4,7,8,2,1,0
24019,2024-02-23,5,8,2,7,4,5,4
24021,2024-02-27,1,9,6,4,7,5,6
24022,2024-03-01,1,6,7,6,4,6,6
24024,2024-03-05,2,0,4,4,6,2,1
24027,2024-03-12,3,1,4,3,4,8,1
24028,2024-03-15,7,9,2,5,6,4,3
24029,2024-03-17,0,4,1,5,7,2,8
24030,2024-03-19,7,5,8,2,7,9,3
24031,2024-03-22,5,6,8,6,3,6,8
24032,2024-03-24,7,5,6,9,5,7,4
24034,2024-03-29,9,1,7,3,3,5,3
24035,2024-03-31,5,0,7,9,7,9,7
24036,2024-04-02,1,7,5,5,2,9,8
24037,2024-04-05,1,1,0,8,1,9,0
24038,2024-04-07,7,8,9,9,2,2,4
24039,2024-04-09,1,5,5,3,1,2,9
24040,2024-04-12,6,2,2,0,7,2,7
24041,2024-04-14,9,8,9,8,8,8,1
24042,2024-04-16,8,0,1,5,3,0,2
24044,2024-04-21,1,9,9,6,7,0,2
24045,2024-04-23,5,2,9,7,6,9,7
24046,2024-04-26,4,3,8,5,2,4,6
24047,2024-04-28,4,2,7,6,4,5,2
24048,2024-04-30,5,5,6,7,0,2,5
24049,2024-05-03,3,5,3,8,8,1,1
24050,2024-05-05,4,9,6,9,2,6,3
24051,2024-05-07,5,6,5,5,7,7,1
24054,2024-05-14,8,6,2,3,1,4,7
24056,2024-05-19,8,6,3,3,8,9,8
24059,2024-05-26,7,0,8,5,2,6,4
24060,2024-05-28,2,4,7,0,7,1,1
24061,2024-05-31,1,5,9,0,3,7,1
24062,2024-06-02,4,7,3,1,8,9,6
24063,2024-06-04,6,3,1,5,3,6,3
24065,2024-06-09,9,5,5,1,4,4,6
24066,2024-06-11,7,1,5,6,3,4,0
24067,2024-06-14,3,4,6,4,3,0,8
24068,2024-06-16,6,5,8,3,2,3,7
24069,2024-06-18,8,0,7,2,1,8,2
24071,2024-06-23,3,9,9,2,2,7,5
24074,2024-06-30,5,2,8,1,7,9,5
24076,2024-07-05,2,4,1,2,4,8,4
24077,2024-07-07,6,2,3,2,8,8,0
24080,2024-07-14,4,5,9,7,9,0,0
24081,2024-07-16,2,7,4,8,2,5,1
24082,2024-07-19,5,7,7,6,7,7,0
24084,2024-07-23,1,5,6,6,5,3,9
24085,2024-07-26,4,3,7,6,3,7,4
24087,2024-07-30,0,1,1,7,6,3,0
24088,2024-08-02,5,6,3,9,9,1,1
24089,2024-08-04,2,9,2,0,1,6,8
24090,2024-08-06,4,6,1,6,8,0,3
24091,2024-08-09,7,6,1,1,9,4,4
24092,2024-08-11,3,0,4,7,2,2,8
24094,2024-08-16,6,3,3,3,5,6,6
24095,2024-08-18,7,6,9,0,3,6,2
24096,2024-08-20,2,2,7,5,9,0,6
24097,2024-08-23,9,8,0,1,5,0,2
24098,2024-08-25,2,4,3,9,5,7,9
24099,2024-08-27,1,1,7,7,7,1,3
24101,2024-09-01,6,2,5,0,3,3,6
24102,2024-09-03,4,9,7,2,2,9,8
24103,2024-09-06,0,6,2,5,8,5,6
24104,2024-09-08,5,0,8,2,6,8,0
24105,2024-09-10,1,4,4,0,2,0,2
24106,2024-09-13,3,4,9,3,2,8,5
24107,2024-09-15,3,8,5,7,9,0,2
24110,2024-09-22,5,4,1,5,4,1,5
24111,2024-09-24,3,4,2,4,1,1,0
24112,2024-09-27,5,3,1,6,7,3,4
24114,2024-10-06,7,8,1,6,7,4,1
24115,2024-10-08,8,4,4,8,8,9,5
24116,2024-10-11,0,4,6,7,3,4,9
24117,2024-10-13,1,4,8,4,7,5,6
24118,2024-10-15,9,9,6,9,7,0,6
24119,2024-10-18,0,7,3,1,9,5,6
24120,2024-10-20,0,8,3,0,4,8,4
24121,2024-10-22,2,0,7,8,8,1,4
24124,2024-10-29,3,7,7,5,3,0,9
24126,2024-11-03,9,8,0,2,5,1,0
24127,2024-11-05,7,7,6,5,8,2,2
24128,2024-11-08,9,3,0,0,9,8,1
24129,2024-11-10,4,0,6,6,4,7,5
24130,2024-11-12,7,8,0,0,8,3,6
24132,2024-11-17,5,4,2,8,0,3,5
24133,2024-11-19,2,7,7,2,9,5,5
24136,2024-11-26,7,7,7,8,1,6,1
24137,2024-11-29,3,9,1,9,2,8,0
24139,2024-12-03,9,7,0,1,5,4,5
24140,2024-12-06,2,9,6,1,2,6,3
24141,2024-12-08,1,5,8,5,1,3,8
24142,2024-12-10,5,8,9,9,3,2,9
24143,2024-12-13,2,8,7,1,2,9,4
24145,2024-12-17,9,1,3,8,7,0,4
24147,2024-12-22,4,8,2,9,0,4,6
24149,2024-12-27,0,7,0,8,4,8,2
24151,2024-12-31,7,6,4,0,8,5,0
25001,2025-01-03,2,3,3,0,9,2,0
25004,2025-01-10,4,7,2,0,0,2,5
25005,2025-01-12,1,6,3,3,2,4,3
25007,2025-01-17,0,2,7,5,0,2,1
25009,2025-01-21,8,3,7,8,7,4,6
25010,2025-01-24,3,4,8,4,1,0,3
25013,2025-02-09,3,7,4,7,9,0,7
25014,2025-02-11,6,7,5,1,3,5,3
25020,2025-02-25,7,9,8,2,0,5,9
25022,2025-03-02,1,2,0,4,0,6,5
25023,2025-03-04,1,2,4,5,5,7,8
25024,2025-03-07,9,0,7,0,7,0,0
25028,2025-03-16,3,4,1,6,9,7,3
25029,2025-03-18,1,4,9,0,5,7,1
25031,2025-03-23,4,7,8,1,3,5,7
25032,2025-03-25,9,0,5,0,2,5,9
25033,2025-03-28,1,7,7,7,6,6,8
25034,2025-03-30,0,9,2,8,4,0,6
25035,2025-04-01,6,6,6,8,0,3,8
25036,2025-04-04,2,8,4,8,6,5,9
25037,2025-04-06,0,2,2,2,6,6,7
25038,2025-04-08,9,4,9,1,3,5,2
25039,2025-04-11,3,4,5,7,3,3,4
25040,2025-04-13,7,8,3,3,9,8,9
25041,2025-04-15,7,5,1,8,7,1,4
25042,2025-04-18,6,3,9,7,9,7,4
25045,2025-04-25,2,3,4,6,5,1,1
25046,2025-04-27,8,5,7,2,6,2,2
25048,2025-05-02,2,1,7,8,7,8,2
25049,2025-05-04,2,3,5,4,8,7,5
25050,2025-05-06,7,8,3,1,1,1,4
25052,2025-05-11,1,5,9,2,7,0,8
25054,2025-05-16,9,4,1,3,1,5,4
25055,2025-05-18,1,4,6,1,1,7,1
25056,2025-05-20,6,0,7,4,8,2,2
25057,2025-05-23,0,8,7,0,0,6,3
25060,2025-05-30,0,5,1,7,7,0,5
25061,2025-06-01,2,7,0,6,3,6,5
25062,2025-06-03,1,2,6,6,8,2,5
25064,2025-06-08,0,2,9,3,8,3,6
25066,2025-06-13,6,8,5,7,4,4,1
25067,2025-06-15,2,2,1,9,1,4,2
25068,2025-06-17,3,9,0,7,7,2,3
25069,2025-06-20,5,3,5,4,2,5,3
25071,2025-06-24,5,0,3,7,2,5,0
25072,2025-06-27,0,8,5,7,0,3,1
25074,2025-07-01,4,8,9,7,7,3,6
25075,2025-07-04,2,9,1,7,1,8,5
25076,2025-07-06,7,1,7,2,8,3,1
25077,2025-07-08,0,2,3,4,5,2,6
25078,2025-07-11,3,2,8,7,0,5,3
25080,2025-07-15,3,1,1,9,7,1,2
25081,2025-07-18,4,1,9,0,2,3,2
25083,2025-07-22,5,4,5,0,7,5,7
25084,2025-07-25,1,4,5,6,0,6,4
25085,2025-07-27,9,4,5,4,3,8,2
25090,2025-08-08,9,5,1,8,0,8,6
25091,2025-08-10,2,0,4,9,3,8,8
25092,2025-08-12,9,7,0,2,0,1,4
25096,2025-08-22,2,6,3,0,4,7,9
25097,2025-08-24,3,9,7,3,6,5,6
25098,2025-08-26,2,4,8,4,0,7,8
25100,2025-08-31,0,7,4,3,4,6,8
25102,2025-09-05,7,7,7,6,6,8,8
25103,2025-09-07,7,6,2,2,4,0,3
25104,2025-09-09,9,1,2,3,7,9,0
25105,2025-09-12,7,8,7,3,4,7,0
25106,2025-09-14,9,2,6,9,2,1,3
25107,2025-09-16,8,4,8,8,2,0,3
25108,2025-09-19,0,2,1,1,9,1,9
25113,2025-09-30,0,9,1,4,1,1,8
25114,2025-10-05,8,3,3,2,8,3,3
25116,2025-10-10,6,6,4,2,3,1,9
25117,2025-10-12,4,5,4,2,7,1,4
25120,2025-10-19,8,5,1,1,9,6,8
25121,2025-10-21,8,4,8,1,4,5,3
25123,2025-10-26,8,0,6,5,7,9,7
25125,2025-10-31,4,5,6,3,8,7,9
25127,2025-11-04,4,1,9,0,7,5,6
25129,2025-11-09,9,7,0,6,3,7,3
25130,2025-11-11,7,0,4,0,3,4,5
25131,2025-11-14,3,5,0,2,1,1,0
25132,2025-11-16,3,2,3,6,9,9,9
25133,2025-11-18,2,4,7,9,1,3,4
25135,2025-11-23,8,6,7,2,6,1,9
25136,2025-11-25,8,9,5,9,9,4,0
25137,2025-11-28,6,4,9,7,5,8,2
25138,2025-11-30,9,2,3,5,1,0,0
25139,2025-12-02,7,8,3,4,9,8,3
25141,2025-12-07,4,1,9,5,3,0,4
25142,2025-12-09,4,2,4,9,9,1,6
25143,2025-12-12,0,1,6,3,7,6,7
25144,2025-12-14,0,5,1,2,0,4,7
25145,2025-12-16,8,9,0,9,9,8,6
25147,2025-12-21,1,5,6,0,1,3,5
25149,2025-12-26,2,8,8,6,5,2,7
25150,2025-12-28,8,5,3,1,8,7,1
25151,2025-12-30,8,8,7,5,7,6,9
26001,2026-01-02,1,1,1,2,4,1,1
26002,2026-01-04,3,4,5,5,9,8,9
26003,2026-01-06,5,5,1,9,3,1,0
26004,2026-01-09,4,4,1,5,3,6,1
26006,2026-01-13,8,1,8,5,6,4,0
26007,2026-01-16,5,0,3,9,5,9,0
26009,2026-01-20,8,0,1,9,5,6,2
26010,2026-01-23,8,3,9,2,6,3,2
26012,2026-01-27,6,4,0,6,6,8,6
26013,2026-01-30,9,5,5,2,3,6,6
26014,2026-02-01,9,8,8,2,5,1,1
26015,2026-02-03,0,1,9,9,1,1,5
26017,2026-02-08,8,0,2,6,8,0,0
26018,2026-02-10,2,9,3,6,5,7,2
26019,2026-02-13,6,0,8,8,2,7,1
26020,2026-02-24,5,5,0,9,5,6,4
26021,2026-02-27,6,4,3,5,6,3,2
26022,2026-03-01,7,9,9,1,0,2,3
26027,2026-03-13,8,7,7,3,6,0,9
26028,2026-03-15,7,9,8,0,1,1,6
26034,2026-03-29,3,9,9,1,5,3,5
26035,2026-03-31,7,4,2,7,2,7,2
26036,2026-04-03,2,8,8,9,7,9,8
26037,2026-04-05,9,9,6,9,4,0,1
26040,2026-04-12,0,7,7,1,8,7,4
26042,2026-04-17,6,5,1,8,1,3,6
26044,2026-04-21,7,6,2,0,9,1,1
26047,2026-04-28,3,9,8,2,5,0,8
26048,2026-05-01,4,5,2,9,6,1,5
26049,2026-05-03,2,7,8,9,5,0,7
26050,2026-05-05,2,2,6,2,5,3,0
26054,2026-05-15,9,6,4,5,3,2,8
26055,2026-05-17,5,5,6,3,8,5,3
26057,2026-05-22,3,3,5,0,5,6,1
26058,2026-05-24,3,7,4,1,2,3,1
26059,2026-05-26,0,6,9,2,3,4,4
26062,2026-06-02,5,6,7,0,3,1,3
26063,2026-06-05,5,0,7,6,6,6,5
26064,2026-06-07,2,3,3,7,2,5,9
26065,2026-06-09,7,4,9,0,7,3,1
26067,2026-06-14,3,6,5,7,1,4,3
26068,2026-06-16,7,5,1,1,6,2,5
26069,2026-06-19,7,9,5,4,3,2,7
26070,2026-06-21,3,1,5,1,4,6,6
26071,2026-06-23,4,7,9,6,3,5,7
26072,2026-06-26,0,8,3,4,5,6,6
26073,2026-06-28,6,6,8,4,8,9,0
26074,2026-06-30,9,4,8,8,1,2,6
26075,2026-07-03,4,7,4,5,8,2,3
26076,2026-07-05,8,0,5,1,5,0,2
26077,2026-07-07,5,4,0,5,5,2,9
26080,2026-07-14,3,1,2,4,9,4,6
26081,2026-07-17,4,2,3,3,5,5,8
26082,2026-07-19,9,4,7,1,0,4,7
26084,2026-07-24,6,3,8,4,4,0,7
26085,2026-07-26,8,3,7,0,5,1,4
26086,2026-07-28,9,7,1,0,3,4,0
26088,2026-08-02,9,5,1,9,5,9,2
26089,2026-08-04,7,1,8,9,3,4,0
26090,2026-08-07,7,0,1,6,1,2,6
26091,2026-08-09,7,9,5,8,5,0,6
26093,2026-08-14,4,9,6,5,0,8,7
26094,2026-08-16,0,6,0,2,4,0,0
26095,2026-08-18,6,6,4,9,0,8,7
26096,2026-08-21,1,4,2,6,9,5,5
26098,2026-08-25,5,6,8,6,3,3,3
26099,2026-08-28,9,4,6,3,3,4,5
26100,2026-08-30,8,3,1,1,7,3,0
26102,2026-09-04,1,7,5,5,8,8,6
26103,2026-09-06,0,0,0,6,0,2,8
26105,2026-09-11,5,9,9,5,3,3,0
26107,2026-09-15,2,8,3,4,5,6,4
26108,2026-09-18,9,5,2,0,8,6,9
26109,2026-09-20,2,9,0,5,0,3,9
26111,2026-09-25,7,8,9,1,0,1,1
